PL,SKU,CATEGORY,SUB_CATEGORY
DELL0X_PC_Laptop,0X749QB,PC,Laptop
DELL75_PC_Monitor,75X62BB,PC,Monitor
DELLDF_SUP_TON,DF627B,SUP,Toner
HP4Z_PH_LJ,4ZB96A,PH,Laserjet
DELL0R_PC_Laptop,0R0N0QB,PC,Laptop
DELL7L_PH_IJ,7LE37B,PH,Inkjet
DELL89_PC_Desktop,89Z55QB,PC,Desktop
HP8C_PC_Laptop,8C4R9PA,PC,Laptop
DELLG0_SUP_INK,G0L15B,SUP,Ink
DELLDF_SUP_TON,DF853B,SUP,Toner
HPCN_SUP_INK,CN045AA,SUP,Ink
HPC2_SUP_INK,C2P23AA,SUP,Ink
HPC2_SUP_INK,C2P21AA,SUP,Ink
DELL4F_SUP_INK,4FE79B,SUP,Ink
DELLDG_SUP_TON,DG460B,SUP,Toner
HP8F_PC_Laptop,8F6C9PA,PC,Laptop
HP4K_SUP_INK,4K0V9PA,SUP,Ink
HP8F_PC_Laptop,8F8Z8PA,PC,Laptop
HPT8_PH_IJ,T8W15A,PH,Inkjet
HP7N_PC_Desktop,7N6V0PA,PC,Desktop
HP7W_PC_Laptop,7W475PA,PC,Laptop
HP88_PC_Desktop,889G9PA,PC,Desktop
HP9E_PC_Laptop,9E3Q6PA,PC,Laptop
HP3E_SUP_INK,3ED28A,SUP,Ink
HP8L_PC_Laptop,8L147PA,PC,Laptop
DELL6S_PC_Monitor,6SE77BB,PC,Monitor
HP9D_PC_Laptop,9D3N8PA,PC,Laptop
DELL4Z_SUP_INK,4ZQ28BB,SUP,Ink
DELL4Z_SUP_INK,4ZN88BB,SUP,Ink
DELL7M_PC_Laptop,7M9Q1FD,PC,Laptop
DELLDG_SUP_TON,DG514Y,SUP,Toner
DELLDE_SUP_INK,DE083BB,SUP,Ink
DELL4K_SUP_INK,4KB89BB,SUP,Ink
DELL7Y_PC_Desktop,7Y4R5QB,PC,Desktop
HP8H_PC_Laptop,8H5D4PA,PC,Laptop
DELLA8_SUP_TON,A8Z92B,SUP,Toner
HPW1_SUP_TON,W1370X,SUP,Toner
DELL0F_PC_Laptop,0F4K7QB,PC,Laptop
HP9D_PC_Laptop,9D3N3PA,PC,Laptop
DELL9M_PC_Laptop,9M271QB,PC,Laptop
HP64_PC_Monitor,64W41AA,PC,Monitor
DELL7I_PC_Desktop,7I2Y3QB,PC,Desktop
DELLDG_SUP_TON,DG321Y,SUP,Toner
DELL4X_SUP_INK,4XY11B,SUP,Ink
HPCZ_SUP_INK,CZ124AA,SUP,Ink
DELLC4_SUP_INK,C4Q17B,SUP,Ink
DELL4X_SUP_INK,4XY20B,SUP,Ink
HP6D_PC_Monitor,6D8G9A6,PC,Monitor
DELL9M_PC_Laptop,9M266QB,PC,Laptop
HPCF_SUP_TON,CF210A,SUP,Toner
HP67_SUP_INK,676M8A,SUP,Ink
DELLDO_SUP_INK,DO745B,SUP,Ink
DELL7Y_PC_Desktop,7Y4T6QB,PC,Desktop
HP58_PH_IJ,588J8B,PH,Inkjet
HPCE_SUP_TON,CE980A,SUP,Toner
DELLDE_SUP_INK,DE086BB,SUP,Ink
DELL4Z_SUP_INK,4ZN31BB,SUP,Ink
HP9J_PC_Laptop,9J6K8PA,PC,Laptop
DELL4Z_SUP_INK,4ZN28BB,SUP,Ink
HP4K_SUP_INK,4K0V8PA,SUP,Ink
DELL78_PC_Laptop,78W61QB,PC,Laptop
DELL4Z_SUP_INK,4ZQ04BB,SUP,Ink
DELLX2_SUP_TON,X2631B,SUP,Toner
DELL9A_PC_Laptop,9A8X6QB,PC,Laptop
HP38_PC_Desktop,385Z7PA,PC,Desktop
HPW1_SUP_TON,W1520X,SUP,Toner
DELLA8_SUP_TON,A8Z89B,SUP,Toner
DELLR6_SUP_TON,R6050B,SUP,Toner
DELL9G_PC_Desktop,9G5D0QB,PC,Desktop
HPC9_SUP_INK,C9404A,SUP,Ink
DELLDG_SUP_TON,DG324B,SUP,Toner
HP7W_PH_IJ,7WQ06B,PH,Inkjet
HP6X_PC_Desktop,6X3W3PA,PC,Desktop
HPCN_SUP_INK,CN628AA,SUP,Ink
HPT6_SUP_INK,T6M05AA,SUP,Ink
DELL8L_PC_Desktop,8L778QB,PC,Desktop
DELL4Z_SUP_INK,4ZN82BB,SUP,Ink
HPP2_SUP_INK,P2V69A,SUP,Ink
DELL95_PC_Desktop,954E3QB,PC,Desktop
DELL3F_PC_Monitor,3F3Z4B7,PC,Monitor
HP3J_SUP_INK,3JA85AA,SUP,Ink
HP4Z_PH_LJ,4ZB95A,PH,Laserjet
HP7J_PC_Desktop,7J4Y1PA,PC,Desktop
HPCD_SUP_INK,CD951A,SUP,Ink
DELLX2_PH_LJ,X2B35B,PH,Laserjet
HP6G_PH_LJ,6GX04A,PH,Laserjet
DELL4X_SUP_INK,4XY25B,SUP,Ink
HP60_PH_IJ,60K34B,PH,Inkjet
DELL4X_SUP_INK,4XY19B,SUP,Ink
DELL8L_PC_Desktop,8L6X3QB,PC,Desktop
DELLN1_SUP_INK,N1I66BB,SUP,Ink
DELL0R_PC_Laptop,0R073QB,PC,Laptop
HP80_PC_Laptop,804L1PA,PC,Laptop
DELLDD_SUP_TON,DD499Y,SUP,Toner
HP2Z_PH_LJ,2Z615A,PH,Laserjet
HP6L_PC_Laptop,6L8P0EC,PC,Laptop
DELL7O_PC_Laptop,7O141QB,PC,Laptop
DELLX3_SUP_TON,X3422B,SUP,Toner
DELLX2_SUP_TON,X2691Y,SUP,Toner
DELL4Z_SUP_INK,4ZN26BB,SUP,Ink
DELLDF_SUP_TON,DF431B,SUP,Toner
DELL4X_SUP_INK,4XY46B,SUP,Ink
HP82_PC_Laptop,821J4PA,PC,Laptop
DELLB1_PC_Laptop,B14DOQB,PC,Laptop
HPW2_SUP_TON,W2043A,SUP,Toner
DELLC4_SUP_INK,C4Q32B,SUP,Ink
DELL03_PC_Laptop,03V96QB,PC,Laptop
HP8L_PC_Laptop,8L8P4PA,PC,Laptop
DELL9G_PC_Laptop,9G7D0QB,PC,Laptop
DELL50_SUP_INK,509O6B,SUP,Ink
HP92_PC_Laptop,92U76PA,PC,Laptop
HP84_PC_Desktop,84H53PA,PC,Desktop
DELLM1_SUP_INK,M1T65BB,SUP,Ink
HP8Y_PC_Laptop,8Y989PA,PC,Laptop
HP78_PC_Desktop,78Y44PA,PC,Desktop
DELL8R_PC_Laptop,8R7A8QB,PC,Laptop
HP7W_PH_IJ,7WN44D,PH,Inkjet
HP3W_SUP_INK,3WX14A,SUP,Ink
HPM0_SUP_INK,M0H55AA,SUP,Ink
HP7P_PC_Desktop,7P2C5PA,PC,Desktop
HP3Y_SUP_INK,3YM77AA,SUP,Ink
DELLDI_SUP_INK,DI759B,SUP,Ink
HPCB_SUP_TON,CB541A,SUP,Toner
HP8Z_PC_Laptop,8Z7W5PA,PC,Laptop
HPCF_SUP_TON,CF362A,SUP,Toner
HP71_PH_LJ,715A3A,PH,Laserjet
HP3Y_SUP_INK,3YM72AA,SUP,Ink
HP8L_PC_Laptop,8L120PA,PC,Laptop
HPCZ_PH_LJ,CZ186A,PH,Laserjet
HP51_SUP_INK,51645AA,SUP,Ink
HPP2_SUP_INK,P2V63A,SUP,Ink
HP8X_PC_Laptop,8X1T8PA,PC,Laptop
HPB3_SUP_INK,B3P20A,SUP,Ink
HP7Y_PC_Laptop,7Y6U9PA,PC,Laptop
HP3E_SUP_INK,3ED69A,SUP,Ink
DELL9G_PC_Laptop,9G7K9QB,PC,Laptop
DELLDO_SUP_INK,DO737BB,SUP,Ink
HPCF_SUP_TON,CF500A,SUP,Toner
HP9T_PC_Desktop,9T8L0PA,PC,Desktop
HPCC_SUP_INK,CC643ZZ,SUP,Ink
DELL9D_PC_Laptop,9D5S9QB,PC,Laptop
DELL9G_PC_Laptop,9G9A2QB,PC,Laptop
HP6X_PC_Desktop,6X3Q4PA,PC,Desktop
HP3E_SUP_INK,3ED29A,SUP,Ink
DELLDG_SUP_TON,DG491B,SUP,Toner
DELL64_PH_LJ,64Q52B,PH,Laserjet
HPC2_SUP_INK,C2P04AA,SUP,Ink
DELLD0_SUP_INK,D0483B,SUP,Ink
HP8C_PC_Laptop,8C4R7PA,PC,Laptop
HP40_PH_IJ,404L7C,PH,Inkjet
DELL89_PC_Desktop,893O2QB,PC,Desktop
HPA4_PC_Laptop,A45Y7PA,PC,Laptop
HPF9_SUP_INK,F9K04A,SUP,Ink
DELL6I_PH_LJ,6II78B,PH,Laserjet
HPCH_SUP_INK,CH564ZZ,SUP,Ink
DELL95_PC_Laptop,952X8QB,PC,Laptop
DELLQ3_SUP_INK,Q3W36B,SUP,Ink
DELL8K_PC_Desktop,8K3N4QB,PC,Desktop
HPCN_SUP_INK,CN627AA,SUP,Ink
HP1V_SUP_INK,1VV21AA,SUP,Ink
HPCF_SUP_TON,CF257A,SUP,Toner
DELLDG_SUP_TON,DG621B,SUP,Toner
DELLDO_SUP_INK,DO157BB,SUP,Ink
DELLDF_SUP_TON,DF396B,SUP,Toner
HP8L_PC_Laptop,8L160PA,PC,Laptop
DELLX2_SUP_TON,X2571Y,SUP,Toner
DELL7Y_PC_Desktop,7Y0T1QB,PC,Desktop
DELL0E_PC_Laptop,0E4Q2QB,PC,Laptop
DELLDG_SUP_TON,DG475B,SUP,Toner
HP3Y_SUP_INK,3YM20AA,SUP,Ink
HPCE_SUP_TON,CE516A,SUP,Toner
HPW1_SUP_TON,W1470A,SUP,Toner
HP6G_PC_Desktop,6G675PA,PC,Desktop
HPC2_SUP_INK,C2P20AA,SUP,Ink
DELLR3_SUP_TON,R3723BG,SUP,Toner
DELL0Z_PC_Laptop,0Z1Z7QB,PC,Laptop
HPCC_SUP_TON,CC388A,SUP,Toner
HPCF_SUP_TON,CF412A,SUP,Toner
HP6X_PC_Desktop,6X4B9PA,PC,Desktop
HPCF_SUP_TON,CF287A,SUP,Toner
HP54_PH_IJ,54R58B,PH,Inkjet
HPCF_SUP_TON,CF211A,SUP,Toner
DELL0F_PC_Laptop,0F4L5QB,PC,Laptop
DELLB1_PC_Laptop,B14DLQB,PC,Laptop
DELL9G_PC_Laptop,9G5A6QB,PC,Laptop
DELL7Y_PC_Desktop,7Y4X5QB,PC,Desktop
DELL3A_PH_LJ,3A726B,PH,Laserjet
HP3Y_SUP_INK,3YM22AA,SUP,Ink
DELL4Z_SUP_INK,4ZN32BB,SUP,Ink
HPF9_SUP_INK,F9J67A,SUP,Ink
HP8F_PC_Laptop,8F6J8PA,PC,Laptop
HP3E_SUP_INK,3ED50A,SUP,Ink
DELLQ3_SUP_INK,Q3W74B,SUP,Ink
HP8H_PC_Laptop,8H9G6PA,PC,Laptop
DELLX4_PH_IJ,X4A83B,PH,Inkjet
HP3Y_SUP_INK,3YM71AA,SUP,Ink
HPW2_SUP_TON,W2310A,SUP,Toner
HP38_PH_LJ,381V6A,PH,Laserjet
HP78_PC_Desktop,780A5PA,PC,Desktop
HPCF_SUP_TON,CF403X,SUP,Toner
DELLB1_PC_Laptop,B11QNQB,PC,Laptop
HP50_PC_Laptop,50M63PA,PC,Laptop
HP9Q_PC_Desktop,9Q932PA,PC,Desktop
HP5H_PH_IJ,5HB08A,PH,Inkjet
DELL78_SUP_INK,787N7B,SUP,Ink
DELL0X_PC_Laptop,0X7V9QB,PC,Laptop
DELLDG_SUP_TON,DG342B,SUP,Toner
HPCD_SUP_INK,CD973AA,SUP,Ink
HPA0_PC_Laptop,A03CHPA,PC,Laptop
DELL76_PC_Monitor,76Q68B7,PC,Monitor
HPCE_SUP_TON,CE741A,SUP,Toner
HP5R_PC_Monitor,5RD66AA,PC,Monitor
DELLDG_SUP_TON,DG613B,SUP,Toner
DELLX2_SUP_TON,X2581B,SUP,Toner
HP81_PC_Laptop,81M38AA,PC,Laptop
HPW2_SUP_TON,W2041A,SUP,Toner
DELL92_PC_Laptop,92C20QB,PC,Laptop
HPCZ_SUP_INK,CZ637AA,SUP,Ink
HP8C_PC_Laptop,8C527PA,PC,Laptop
HP4K_PC_Laptop,4K5D5PA,PC,Laptop
DELL8H_PC_Laptop,8H7I2QB,PC,Laptop
DELL7A_SUP_INK,7AE30BB,SUP,Ink
DELL4F_SUP_INK,4FE61B,SUP,Ink
DELL4F_SUP_INK,4FE62B,SUP,Ink
DELLX3_SUP_TON,X3101B,SUP,Toner
DELL3Z_PH_IJ,3Z0I1B,PH,Inkjet
HP9Y_PC_Laptop,9Y0Z1PA,PC,Laptop
DELL09_PC_Desktop,094O7QB,PC,Desktop
HP2Z_PH_LJ,2Z614A,PH,Laserjet
DELLD3_SUP_INK,D3Q34BB,SUP,Ink
DELL8K_PC_Desktop,8K5Z2QB,PC,Desktop
HP4S_SUP_INK,4S6X8PA,SUP,Ink
HPW2_SUP_TON,W2303A,SUP,Toner
HPCE_SUP_TON,CE322A,SUP,Toner
DELL4X_SUP_INK,4XY41B,SUP,Ink
DELLG0_SUP_INK,G0L12B,SUP,Ink
DELL93_PC_Laptop,935M7QB,PC,Laptop
DELLDF_SUP_TON,DF389B,SUP,Toner
DELLA8_SUP_TON,A8Z01B,SUP,Toner
DELLDO_SUP_INK,DO164BB,SUP,Ink
DELL8O_PC_Laptop,8O860QB,PC,Laptop
DELLD3_SUP_INK,D3Q37BB,SUP,Ink
HP58_PH_IJ,588L3D,PH,Inkjet
HP8L_PC_Laptop,8L164PA,PC,Laptop
DELLDO_SUP_INK,DO741B,SUP,Ink
HP6Z_SUP_INK,6ZD32AA,SUP,Ink
HPCF_SUP_TON,CF401A,SUP,Toner
HPA0_PC_Laptop,A03CNPA,PC,Laptop
DELLX3_SUP_TON,X3222B,SUP,Toner
HP6J_PC_Desktop,6J0P5PA,PC,Desktop
HP83_PC_Laptop,832Q8PA,PC,Laptop
HP2Y_PH_IJ,2Y9H0A,PH,Inkjet
DELL66_PC_Desktop,66A37QB,PC,Desktop
HP78_PC_Desktop,780A2PA,PC,Desktop
DELL89_PC_Monitor,891K6BB,PC,Monitor
DELLDF_SUP_TON,DF626B,SUP,Toner
DELL7Y_PC_Desktop,7Y0N4QB,PC,Desktop
DELL78_SUP_INK,787N8B,SUP,Ink
HP3G_PH_LJ,3G636A,PH,Laserjet
HP54_PH_IJ,54R50B,PH,Inkjet
DELL9M_PC_Laptop,9M250QB,PC,Laptop
HP3W_SUP_INK,3WX20A,SUP,Ink
HPP2_SUP_INK,P2V68A,SUP,Ink
DELLDG_SUP_TON,DG464B,SUP,Toner
HPZ7_SUP_TON,Z7Y69A,SUP,Toner
HPC9_SUP_INK,C9458A,SUP,Ink
DELLDO_SUP_INK,DO747B,SUP,Ink
DELL0Z_PC_Laptop,0Z1A2QB,PC,Laptop
DELL75_PC_Monitor,75W92BB,PC,Monitor
DELL8L_PC_Laptop,8L1M0QB,PC,Laptop
DELLN1_SUP_INK,N1I67BB,SUP,Ink
HP2Y_PH_IJ,2Y9H2A,PH,Inkjet
DELLDO_SUP_INK,DO156BB,SUP,Ink
HPW1_PH_LJ,W1A24A,PH,Laserjet
DELLB2_PC_Laptop,B2OX4QB,PC,Laptop
DELLN1_SUP_INK,N1I61BB,SUP,Ink
HP55_PC_Desktop,55Z26PA,PC,Desktop
DELL0F_PC_Laptop,0F4K5QB,PC,Laptop
DELL98_PC_Desktop,98H12QB,PC,Desktop
DELL4X_SUP_INK,4XY37B,SUP,Ink
HPCH_SUP_INK,CH565A,SUP,Ink
DELL5T_SUP_INK,5T7Y7QB,SUP,Ink
HP8F_PC_Laptop,8F4Z5PA,PC,Laptop
HP5H_PH_LJ,5HH48A,PH,Laserjet
DELLDG_SUP_TON,DG513B,SUP,Toner
DELL99_PC_Desktop,990H0QB,PC,Desktop
HPZ7_SUP_TON,Z7Y83A,SUP,Toner
DELL05_PC_Laptop,054T2QB,PC,Laptop
DELLQ3_SUP_INK,Q3W38B,SUP,Ink
HP81_PC_Desktop,81T80PA,PC,Desktop
DELLD3_SUP_INK,D3Q17BB,SUP,Ink
DELL9Z_PC_Desktop,9Z0E5QB,PC,Desktop
HPZ7_SUP_TON,Z7Y76A,SUP,Toner
HP3E_SUP_INK,3ED67A,SUP,Ink
HPCF_SUP_TON,CF289A,SUP,Toner
HPCF_SUP_TON,CF501A,SUP,Toner
HP87_PC_Laptop,87B57PA,PC,Laptop
DELL8L_PH_LJ,8LX75B,PH,Laserjet
HP7G_PC_Laptop,7G6H1PA,PC,Laptop
DELL93_PC_Laptop,932K5QB,PC,Laptop
DELLDF_SUP_TON,DF512B,SUP,Toner
HP8G_PC_Laptop,8G148PA,PC,Laptop
HP64_PC_Monitor,64X66AA,PC,Monitor
DELL8Z_PC_Laptop,8Z7V4QB,PC,Laptop
HPC2_SUP_INK,C2P07AA,SUP,Ink
DELLA8_SUP_TON,A8Z84B,SUP,Toner
HP6N_PC_Monitor,6N4E8AA,PC,Monitor
HP8U_PC_Laptop,8U1H3PA,PC,Laptop
DELL4X_SUP_INK,4XY12B,SUP,Ink
HP3W_SUP_INK,3WX01A,SUP,Ink
HP6X_PC_Desktop,6X9Q0PA,PC,Desktop
HP7Y_PC_Laptop,7Y6T9PA,PC,Laptop
DELL0Y_PC_Laptop,0Y6K4QB,PC,Laptop
DELLU7_SUP_INK,U7N24BB,SUP,Ink
DELLG7_SUP_INK,G7W38BB,SUP,Ink
HP9D_PC_Laptop,9D3N5PA,PC,Laptop
HPCF_SUP_TON,CF513A,SUP,Toner
DELL4F_SUP_INK,4FE89B,SUP,Ink
DELL3A_PH_LJ,3A744B,PH,Laserjet
DELL89_PC_Desktop,893N1QB,PC,Desktop
DELL0U_PC_Desktop,0U9M1QB,PC,Desktop
DELLA8_SUP_TON,A8Z81B,SUP,Toner
DELLX3_SUP_TON,X3153B,SUP,Toner
DELLU7_SUP_INK,U7N16BB,SUP,Ink
DELL4Z_SUP_INK,4ZN27BB,SUP,Ink
DELL6I_PH_IJ,6IC19B,PH,Inkjet
HP7M_PC_Laptop,7M659PA,PC,Laptop
HPCD_SUP_INK,CD972AA,SUP,Ink
HP46_PC_Laptop,46D70PA,PC,Laptop
DELLA8_SUP_TON,A8Z02B,SUP,Toner
DELL03_PC_Desktop,03A32QB,PC,Desktop
DELLQ3_SUP_INK,Q3W81B,SUP,Ink
HPC2_SUP_INK,C2P19AA,SUP,Ink
DELLDD_SUP_TON,DD499BE,SUP,Toner
HP9U_PC_Laptop,9U2C4PA,PC,Laptop
HP7P_PH_LJ,7PS84A,PH,Laserjet
HP7M_PC_Laptop,7M656PA,PC,Laptop
DELLD0_SUP_INK,D0495B,SUP,Ink
DELL4X_SUP_INK,4XY31B,SUP,Ink
HP7L_PC_Laptop,7L035PA,PC,Laptop
HP7K_PC_Desktop,7K2P3PA,PC,Desktop
DELLG0_SUP_INK,G0K88B,SUP,Ink
HPC9_SUP_INK,C9351AA,SUP,Ink
DELL0E_PC_Laptop,0E4Q1QB,PC,Laptop
DELLU9_PH_IJ,U9X27B,PH,Inkjet
DELL9M_PC_Laptop,9M233QB,PC,Laptop
HPCF_SUP_TON,CF502A,SUP,Toner
HP8L_PC_Laptop,8L149PA,PC,Laptop
DELL64_PH_IJ,648Q6D,PH,Inkjet
HP6U_PH_IJ,6UU48A,PH,Inkjet
HP7K_PC_Desktop,7K3Z3PA,PC,Desktop
DELL0V_PC_Laptop,0V3D5QB,PC,Laptop
DELLU7_SUP_INK,U7N28BB,SUP,Ink
DELLDG_SUP_TON,DG320B,SUP,Toner
DELLA8_SUP_TON,A8Z87B,SUP,Toner
HP2E_PC_Monitor,2E2Y3A6,PC,Monitor
HP44_PC_Desktop,44V84PA,PC,Desktop
DELLM4_PH_IJ,M4V54B,PH,Inkjet
DELLQ3_SUP_INK,Q3W73B,SUP,Ink
DELLDD_SUP_INK,DD751AA,SUP,Ink
DELLD0_SUP_INK,D0517B,SUP,Ink
HP84_PC_Laptop,840G6PA,PC,Laptop
HPL0_SUP_INK,L0S66AA,SUP,Ink
DELLDG_SUP_TON,DG368B,SUP,Toner
HP9X_PC_Laptop,9X5J3PA,PC,Laptop
HPW1_SUP_TON,W1660A,SUP,Toner
DELL2C_PC_Monitor,2C0Y3BB,PC,Monitor
HP8F_PC_Laptop,8F6D5PA,PC,Laptop
HPCD_SUP_INK,CD975AA,SUP,Ink
HPA1_PC_Laptop,A1QV2PA,PC,Laptop
DELLX3_SUP_TON,X3221B,SUP,Toner
DELL49_PH_LJ,492V1B,PH,Laserjet
HP3Y_SUP_INK,3YM16AA,SUP,Ink
HPW2_SUP_TON,W2090A,SUP,Toner
DELL8X_PH_IJ,8XO55E,PH,Inkjet
HPW1_SUP_TON,W1103AD,SUP,Toner
DELLA8_SUP_TON,A8Z70B,SUP,Toner
HPCF_SUP_TON,CF511A,SUP,Toner
DELLA0_SUP_TON,A0N16B,SUP,Toner
HPCF_SUP_TON,CF350A,SUP,Toner
HP7Q_PC_Laptop,7Q6Y9PA,PC,Laptop
HP9T_PC_Laptop,9T8K8PA,PC,Laptop
HPCZ_SUP_INK,CZ132A,SUP,Ink
HPW2_SUP_TON,W2312A,SUP,Toner
HPCZ_SUP_INK,CZ122AA,SUP,Ink
DELL50_SUP_INK,509O7B,SUP,Ink
DELL4K_SUP_INK,4KB91BB,SUP,Ink
HPCE_SUP_TON,CE742A,SUP,Toner
DELLA8_SUP_TON,A8Z79B,SUP,Toner
HPF6_SUP_INK,F6V27AA,SUP,Ink
HP4R_PH_LJ,4RA89A,PH,Laserjet
DELLDO_SUP_INK,DO166BB,SUP,Ink
HPF9_SUP_INK,F9K17A,SUP,Ink
HPCF_SUP_TON,CF360A,SUP,Toner
HP68_PC_Laptop,689U2PA,PC,Laptop
DELLDF_SUP_TON,DF511B,SUP,Toner
HP67_SUP_INK,676M7A,SUP,Ink
DELL6T_PH_IJ,6TF37C,PH,Inkjet
HPCE_SUP_TON,CE410A,SUP,Toner
HPW1_SUP_TON,W1370A,SUP,Toner
HP8F_PC_Laptop,8F8Z1PA,PC,Laptop
DELL94_PC_Laptop,945V6QB,PC,Laptop
HPA0_PC_Desktop,A05H9PA,PC,Desktop
HP9E_PC_Laptop,9E3J4PA,PC,Laptop
HP3X_PH_IJ,3XB78A,PH,Inkjet
DELL7L_PC_Laptop,7L8V3QB,PC,Laptop
DELL9D_PC_Laptop,9D5S8QB,PC,Laptop
HP79_PC_Desktop,79U84PA,PC,Desktop
HP3J_SUP_INK,3JA80AA,SUP,Ink
HPCZ_SUP_INK,CZ108AA,SUP,Ink
HPC9_SUP_INK,C9383A,SUP,Ink
DELL8L_PC_Desktop,8L2H4QB,PC,Desktop
DELLX3_SUP_TON,X3423B,SUP,Toner
DELLA8_SUP_TON,A8Z99B,SUP,Toner
HP3W_SUP_INK,3WX42A,SUP,Ink
HP3J_SUP_INK,3JA81AA,SUP,Ink
DELLB1_PC_Laptop,B14DKQB,PC,Laptop
DELL4X_SUP_INK,4XY17B,SUP,Ink
DELL24_PC_Monitor,24M93BB,PC,Monitor
DELL8Z_PC_Laptop,8Z7V9QB,PC,Laptop
DELL7L_PC_Laptop,7L0D7QB,PC,Laptop
HP72_PC_Laptop,72K10PA,PC,Laptop
HP9D_PC_Laptop,9D3P0PA,PC,Laptop
DELL79_PC_Laptop,790V3QB,PC,Laptop
HPCF_SUP_TON,CF361A,SUP,Toner
DELL9M_PC_Laptop,9M277QB,PC,Laptop
DELLDO_SUP_INK,DO739BB,SUP,Ink
HP98_PC_Desktop,983N6PA,PC,Desktop
DELLM1_SUP_INK,M1T83BB,SUP,Ink
HP18_PC_Monitor,189T0AA,PC,Monitor
HPCF_SUP_TON,CF280A,SUP,Toner
DELLR3_SUP_TON,R3723B,SUP,Toner
DELLA9_SUP_TON,A9X63B,SUP,Toner
HP80_PC_Laptop,805X2PA,PC,Laptop
HPCZ_PH_LJ,CZ174A,PH,Laserjet
HPW2_SUP_TON,W2112A,SUP,Toner
DELL0E_PC_Laptop,0E4O8QB,PC,Laptop
HP7W_PH_IJ,7WN46D,PH,Inkjet
DELL0E_PC_Laptop,0E4O4QB,PC,Laptop
DELL9G_PC_Laptop,9G7L3QB,PC,Laptop
DELL4Z_SUP_INK,4ZN20BB,SUP,Ink
HP9E_PC_Laptop,9E3K8PA,PC,Laptop
DELLDC_SUP_TON,DC651B,SUP,Toner
HPW2_SUP_TON,W2301A,SUP,Toner
DELLG0_SUP_INK,G0L14B,SUP,Ink
HPA0_PC_Laptop,A00PMPA,PC,Laptop
DELL4X_SUP_INK,4XY53B,SUP,Ink
DELLDG_SUP_TON,DG322B,SUP,Toner
HPW1_SUP_TON,W1120A,SUP,Toner
HPZ7_SUP_TON,Z7Y79A,SUP,Toner
DELL5L_SUP_INK,5L1W9QB,SUP,Ink
DELL9M_PC_Desktop,9M218QB,PC,Desktop
HP3W_SUP_INK,3WX30A,SUP,Ink
DELLDA_SUP_INK,DA243B,SUP,Ink
HP9W_PC_Laptop,9W638PA,PC,Laptop
HP3J_SUP_INK,3JA83AA,SUP,Ink
HP3E_SUP_INK,3ED77A,SUP,Ink
DELLU7_SUP_INK,U7M08BB,SUP,Ink
HPCF_SUP_TON,CF228A,SUP,Toner
HPCE_SUP_TON,CE401A,SUP,Toner
HPL0_SUP_INK,L0S23AA,SUP,Ink
DELL4K_SUP_INK,4KC17BB,SUP,Ink
HP7K_PC_Desktop,7K661PA,PC,Desktop
DELL50_SUP_INK,509O8B,SUP,Ink
HP35_PC_Monitor,356D6AA,PC,Monitor
HPF9_SUP_INK,F9K06A,SUP,Ink
DELL5L_SUP_INK,5L1W7QB,SUP,Ink
HP7J_PC_Desktop,7J9W4PA,PC,Desktop
DELLG0_SUP_INK,G0K76B,SUP,Ink
HPW1_SUP_TON,W1112A,SUP,Toner
HP8A_PH_LJ,8AF52A,PH,Laserjet
HP8L_PC_Desktop,8L129PA,PC,Desktop
DELLDG_SUP_TON,DG469B,SUP,Toner
DELLD3_SUP_INK,D3Q15BB,SUP,Ink
DELL4X_SUP_INK,4XY32B,SUP,Ink
HPCF_SUP_TON,CF363A,SUP,Toner
HPCN_SUP_INK,CN630A,SUP,Ink
HP5H_PH_IJ,5HB06A,PH,Inkjet
DELL62_SUP_INK,62756BB,SUP,Ink
DELL8M_PC_Laptop,8M488QB,PC,Laptop
DELLDI_SUP_INK,DI756B,SUP,Ink
DELL0U_PC_Laptop,0U9L7QB,PC,Laptop
DELL8R_PC_Laptop,8R7A9QB,PC,Laptop
HPCH_SUP_INK,CH646A,SUP,Ink
DELLN1_SUP_INK,N1I65BB,SUP,Ink
DELL4F_SUP_INK,4FE50B,SUP,Ink
HP97_PC_Desktop,977P0PA,PC,Desktop
HPM0_SUP_INK,M0H56AA,SUP,Ink
DELL94_PC_Laptop,945U0QB,PC,Laptop
DELLDG_SUP_TON,DG452B,SUP,Toner
HP9U_PC_Laptop,9U867PA,PC,Laptop
HP6N_PC_Monitor,6N4E2AA,PC,Monitor
HP7J_PC_Desktop,7J1S5PA,PC,Desktop
HP3J_SUP_INK,3JB06AA,SUP,Ink
DELL4F_PC_Desktop,4F8S0QB,PC,Desktop
HP7N_PC_Laptop,7N759PA,PC,Laptop
DELLDG_SUP_TON,DG473B,SUP,Toner
HPCF_SUP_TON,CF353A,SUP,Toner
DELLM1_SUP_INK,M1T62BB,SUP,Ink
HP3Y_SUP_INK,3YM21AA,SUP,Ink
HP82_PC_Laptop,824L6PA,PC,Laptop
DELL49_PH_LJ,492W7B,PH,Laserjet
DELL4K_SUP_INK,4KB96BB,SUP,Ink
HP7S_PC_Laptop,7S4P3PA,PC,Laptop
DELL83_PC_Laptop,83L21QB,PC,Laptop
DELL5L_PC_Laptop,5L6E6QB,PC,Laptop
HPX4_SUP_INK,X4E79AA,SUP,Ink
DELL9G_PC_Laptop,9G7E6QB,PC,Laptop
DELL95_PC_Laptop,951U8QB,PC,Laptop
DELLA8_SUP_TON,A8Z93B,SUP,Toner
DELL7L_PC_Laptop,7L0D4QB,PC,Laptop
DELL0D_PC_Laptop,0D0F2QB,PC,Laptop
DELLDO_SUP_INK,DO738BB,SUP,Ink
HPP2_SUP_INK,P2V64A,SUP,Ink
HP4S_SUP_INK,4S6X6PA,SUP,Ink
DELL4K_SUP_INK,4KB92BB,SUP,Ink
DELL3F_PC_Monitor,3F3Z5B7,PC,Monitor
HP7K_PC_Laptop,7K0L9PA,PC,Laptop
DELLX2_SUP_TON,X2691B,SUP,Toner
HP38_PH_LJ,381U0A,PH,Laserjet
DELLG0_PH_IJ,G0B39F,PH,Inkjet
HPF9_SUP_INK,F9J78A,SUP,Ink
DELL0V_PC_Laptop,0V978QB,PC,Laptop
DELL9K_PC_Laptop,9K1T6QB,PC,Laptop
DELLDA_SUP_INK,DA232BB,SUP,Ink
HPCN_SUP_INK,CN055AA,SUP,Ink
DELLD0_SUP_INK,D0462BB,SUP,Ink
HP9V_PC_Monitor,9VJ40AA,PC,Monitor
HP8D_PC_Laptop,8D667PA,PC,Laptop
DELL00_PC_Laptop,00U01QB,PC,Laptop
HP2W_PC_Desktop,2W953PA,PC,Desktop
HPQ2_SUP_TON,Q2612X,SUP,Toner
DELLDG_SUP_TON,DG612B,SUP,Toner
DELL9V_PC_Laptop,9V2I4QB,PC,Laptop
HPCF_SUP_TON,CF400A,SUP,Toner
HP9E_PC_Laptop,9E3K5PA,PC,Laptop
DELL0F_PC_Laptop,0F4L0QB,PC,Laptop
DELL9H_PC_Laptop,9H259QB,PC,Laptop
HP8F_PC_Laptop,8F6C8PA,PC,Laptop
HPB3_SUP_INK,B3P19A,SUP,Ink
HP7K_PC_Desktop,7K5W2PA,PC,Desktop
HPCE_SUP_TON,CE400A,SUP,Toner
DELL7L_PC_Laptop,7L0D6QB,PC,Laptop
HP4J_PC_Laptop,4J0N0PA,PC,Laptop
HPZ7_SUP_TON,Z7Y81A,SUP,Toner
DELLDG_SUP_TON,DG348B,SUP,Toner
HP34_PC_Monitor,34Y23AA,PC,Monitor
DELLDO_SUP_INK,DO159BB,SUP,Ink
DELLU7_SUP_INK,U7M90BB,SUP,Ink
DELL3I_PC_Monitor,3I1O2BB,PC,Monitor
DELL5T_SUP_INK,5T7Y8QB,SUP,Ink
DELLDG_SUP_TON,DG611B,SUP,Toner
DELL0W_PC_Monitor,0WK51BB,PC,Monitor
HP2Z_PH_LJ,2Z632A,PH,Laserjet
HP8F_PC_Desktop,8F4C2PA,PC,Desktop
HP92_PC_Laptop,92U85PA,PC,Laptop
HPW1_SUP_TON,W1104A,SUP,Toner
DELL9G_PC_Laptop,9G9A4QB,PC,Laptop
DELL9E_PC_Laptop,9E778QB,PC,Laptop
HPF6_SUP_INK,F6V26AA,SUP,Ink
HPF9_SUP_INK,F9J66A,SUP,Ink
HP5H_PH_LJ,5HH67A,PH,Laserjet
DELLDG_SUP_TON,DG390Y,SUP,Toner
DELLDF_SUP_TON,DF423B,SUP,Toner
DELL95_PC_Laptop,951H7QB,PC,Laptop
DELLDG_SUP_TON,DG513Y,SUP,Toner
HP84_PC_Desktop,84J08PA,PC,Desktop
HP6L_PC_Laptop,6L0L1PA,PC,Laptop
DELLDG_SUP_TON,DG523B,SUP,Toner
HPA4_PC_Laptop,A46C9PA,PC,Laptop
DELL4F_SUP_INK,4FE70B,SUP,Ink
HPF6_SUP_INK,F6V23AA,SUP,Ink
DELL8Q_PC_Desktop,8Q3D6QB,PC,Desktop
HPZ7_SUP_TON,Z7Y82A,SUP,Toner
HP7W_PC_Laptop,7W474PA,PC,Laptop
DELLG0_SUP_INK,G0L17B,SUP,Ink
HPCF_SUP_TON,CF210X,SUP,Toner
DELLDI_SUP_INK,DI674AA,SUP,Ink
DELL0R_PC_Desktop,0R043QB,PC,Desktop
DELL9Y_PC_Laptop,9Y2V1QB,PC,Laptop
HP99_PC_Laptop,99T90PA,PC,Laptop
DELL9G_PC_Laptop,9G9A1QB,PC,Laptop
HP84_PC_Laptop,841W6PA,PC,Laptop
DELL9I_PC_Laptop,9I0H7QB,PC,Laptop
DELLDF_SUP_TON,DF422B,SUP,Toner
DELL94_PC_Laptop,943R9QB,PC,Laptop
HP6K_PC_Laptop,6K9C6PA,PC,Laptop
DELL5B_PH_IJ,5B9E0B,PH,Inkjet
HP6J_PC_Laptop,6J2T8PA,PC,Laptop
DELLDG_SUP_TON,DG511Y,SUP,Toner
DELL0U_PC_Laptop,0U9L8QB,PC,Laptop
DELL8L_PC_Desktop,8L3Q4QB,PC,Desktop
DELLDG_SUP_TON,DG614B,SUP,Toner
HPZ8_SUP_TON,Z8W52A,SUP,Toner
HP7S_PC_Laptop,7S4N7PA,PC,Laptop
HP3X_PH_IJ,3XB77A,PH,Inkjet
DELLQ3_SUP_INK,Q3W94B,SUP,Ink
DELL5K_PC_Laptop,5K1O1QB,PC,Laptop
HP8F_PC_Laptop,8F6C4PA,PC,Laptop
DELLDO_SUP_INK,DO165BB,SUP,Ink
HP84_PC_Laptop,840T7PA,PC,Laptop
HPCH_SUP_INK,CH562ZZ,SUP,Ink
HPA4_PC_Laptop,A45Y5PA,PC,Laptop
DELL0F_PC_Laptop,0F4R7QB,PC,Laptop
DELLDO_SUP_INK,DO167BB,SUP,Ink
DELL8L_PC_Desktop,8L4A4QB,PC,Desktop
HP3J_SUP_INK,3JA84AA,SUP,Ink
HP9D_PC_Laptop,9D3M7PA,PC,Laptop
DELL7O_PC_Monitor,7O5F9BB,PC,Monitor
DELLDF_SUP_TON,DF851B,SUP,Toner
HP81_PC_Laptop,81B19PA,PC,Laptop
HP95_PC_Laptop,95R98PA,PC,Laptop
DELL8N_PC_Laptop,8N765QB,PC,Laptop
HPT8_PH_IJ,T8W18A,PH,Inkjet
HP2R_PH_IJ,2RM82A,PH,Inkjet
DELLG7_SUP_INK,G7W31BB,SUP,Ink
DELLR3_SUP_TON,R3723Y,SUP,Toner
DELL8O_PC_Desktop,8O7W1QB,PC,Desktop
DELLDA_PH_LJ,DA297B,PH,Laserjet
DELLB5_PC_Laptop,B57D0QB,PC,Laptop
HPCN_SUP_INK,CN046AA,SUP,Ink
DELLDG_SUP_TON,DG471Y,SUP,Toner
DELL9G_PC_Laptop,9G9A9QB,PC,Laptop
HPCD_SUP_INK,CD974AA,SUP,Ink
HP4K_SUP_INK,4K0V6PA,SUP,Ink
HPCF_SUP_TON,CF402A,SUP,Toner
HP8L_PC_Laptop,8L145PA,PC,Laptop
DELL7O_PC_Monitor,7O7F0BB,PC,Monitor
HPCF_SUP_TON,CF358A,SUP,Toner
HPA1_PC_Laptop,A1NW3PA,PC,Laptop
DELLD2_SUP_INK,D2R21B,SUP,Ink
HP9T_PC_Laptop,9T8K7PA,PC,Laptop
HP9D_PC_Laptop,9D3N6PA,PC,Laptop
DELLD3_SUP_INK,D3Q20BB,SUP,Ink
DELLN1_SUP_INK,N1I62BB,SUP,Ink
DELLD3_SUP_INK,D3Q33BB,SUP,Ink
DELL89_PC_Desktop,891B3QB,PC,Desktop
HPZ7_SUP_TON,Z7Y78A,SUP,Toner
HPL0_SUP_INK,L0S69AA,SUP,Ink
DELL39_PH_IJ,39D23B,PH,Inkjet
HP7X_PC_Desktop,7X9K0PA,PC,Desktop
HP7J_PC_Laptop,7J035AA,PC,Laptop
HPCZ_SUP_INK,CZ131A,SUP,Ink
HP8C_PC_Laptop,8C4R8PA,PC,Laptop
HPCC_SUP_TON,CC388AD,SUP,Toner
HP82_PC_Laptop,821M3PA,PC,Laptop
HPF9_SUP_INK,F9K01A,SUP,Ink
HPM0_SUP_INK,M0H54AA,SUP,Ink
DELLX3_SUP_TON,X3224B,SUP,Toner
DELLDA_SUP_INK,DA233BB,SUP,Ink
HPCB_SUP_TON,CB542A,SUP,Toner
DELL06_PC_Laptop,06T70QB,PC,Laptop
DELL51_PC_Monitor,51A43BB,PC,Monitor
DELL5T_SUP_INK,5T7Y9QB,SUP,Ink
HP3E_SUP_INK,3ED45A,SUP,Ink
DELLDE_SUP_INK,DE084BB,SUP,Ink
DELLB1_PC_Laptop,B11QQQB,PC,Laptop
HP7P_PH_LJ,7PS82A,PH,Laserjet
DELLX3_SUP_TON,X3221Y,SUP,Toner
HPCF_SUP_TON,CF233A,SUP,Toner
HP8Y_PC_Desktop,8Y9D4PA,PC,Desktop
HPCE_SUP_TON,CE278AF,SUP,Toner
DELL3A_PH_LJ,3A725B,PH,Laserjet
HPCN_SUP_INK,CN693AA,SUP,Ink
DELLDA_SUP_INK,DA246B,SUP,Ink
DELL4F_SUP_INK,4FE56B,SUP,Ink
DELL82_PH_LJ,826B5B,PH,Laserjet
DELL8Z_PC_Laptop,8Z7V3QB,PC,Laptop
HP9E_PC_Laptop,9E3J6PA,PC,Laptop
DELL7L_PC_Laptop,7L0K3QB,PC,Laptop
DELL6D_PC_Laptop,6D6N5QB,PC,Laptop
DELLDC_SUP_TON,DC654B,SUP,Toner
DELL0E_PC_Laptop,0E4O7QB,PC,Laptop
HPCF_SUP_TON,CF256X,SUP,Toner
HPCN_SUP_INK,CN634A,SUP,Ink
DELL9G_PC_Desktop,9G5D3QB,PC,Desktop
HPCF_SUP_TON,CF401X,SUP,Toner
DELL27_PC_Monitor,270M1BB,PC,Monitor
DELL8K_PC_Desktop,8K285QB,PC,Desktop
DELLG0_SUP_INK,G0K77B,SUP,Ink
HPCF_SUP_TON,CF234A,SUP,Toner
DELLX3_SUP_TON,X3151B,SUP,Toner
DELL7M_PC_Laptop,7M1M1QB,PC,Laptop
HPW2_SUP_TON,W2042A,SUP,Toner
DELL8O_PC_Monitor,8O010BU,PC,Monitor
HPCE_SUP_TON,CE255A,SUP,Toner
HPCC_SUP_TON,CC388X,SUP,Toner
DELL76_PC_Monitor,76Q60B7,PC,Monitor
DELL7H_PH_LJ,7HY17B,PH,Laserjet
HPW2_SUP_TON,W2110A,SUP,Toner
DELLDO_SUP_INK,DO704BB,SUP,Ink
HPCF_SUP_TON,CF289X,SUP,Toner
DELLX2_SUP_TON,X2481B,SUP,Toner
DELL82_PH_LJ,826B4B,PH,Laserjet
DELL82_PH_LJ,826B6B,PH,Laserjet
HPZ9_SUP_TON,Z9M05A,SUP,Toner
DELL4K_SUP_INK,4KB94BB,SUP,Ink
DELL0F_PC_Laptop,0F4L6QB,PC,Laptop
HP78_PC_Monitor,780J5AA,PC,Monitor
HPCF_SUP_TON,CF400X,SUP,Toner
DELL9M_PC_Laptop,9M9Q6QB,PC,Laptop
HPCN_SUP_INK,CN626AA,SUP,Ink
DELLM1_SUP_INK,M1T77BB,SUP,Ink
DELLDO_SUP_INK,DO746B,SUP,Ink
HP7L_PC_Laptop,7L033PA,PC,Laptop
DELLDG_SUP_TON,DG390B,SUP,Toner
DELL5S_PH_LJ,5SB90B,PH,Laserjet
DELLX3_SUP_TON,X3413B,SUP,Toner
HP6G_PH_LJ,6GW64A,PH,Laserjet
HP9Q_PC_Laptop,9Q9M9PA,PC,Laptop
DELLA0_SUP_TON,A0N13B,SUP,Toner
HP50_PC_Laptop,50M62PA,PC,Laptop
DELL93_PC_Laptop,932Q1QB,PC,Laptop
DELLG7_SUP_INK,G7W34BB,SUP,Ink
HP6P_PC_Monitor,6PA50A4,PC,Monitor
HP3W_SUP_INK,3WX26A,SUP,Ink
DELLDG_SUP_TON,DG341B,SUP,Toner
HPW2_SUP_TON,W2111X,SUP,Toner
DELLD0_SUP_INK,D0463BB,SUP,Ink
HP8F_PC_Laptop,8F8Y9PA,PC,Laptop
HP81_PC_Laptop,81B47PA,PC,Laptop
HP8L_PC_Laptop,8L168PA,PC,Laptop
HP8L_PC_Laptop,8L122PA,PC,Laptop
DELLDG_SUP_TON,DG472B,SUP,Toner
HPZ7_SUP_TON,Z7Y70A,SUP,Toner
DELLDF_SUP_TON,DF421BE,SUP,Toner
DELL4F_SUP_INK,4FE39B,SUP,Ink
DELL9D_PC_Laptop,9D638QB,PC,Laptop
HP63_PC_Desktop,635A4PA,PC,Desktop
HP8K_PC_Laptop,8K8J1PA,PC,Laptop
HPW2_SUP_TON,W2110X,SUP,Toner
HP8U_PC_Laptop,8U6X8PA,PC,Laptop
HP91_PC_Laptop,91R01PA,PC,Laptop
HPCN_SUP_INK,CN056AA,SUP,Ink
DELLDG_SUP_TON,DG462B,SUP,Toner
DELLDG_SUP_TON,DG522B,SUP,Toner
DELL6I_PH_IJ,6IC21B,PH,Inkjet
DELL0Y_PC_Laptop,0Y4M7QB,PC,Laptop
DELL4F_PH_IJ,4FL24B,PH,Inkjet
DELLDA_SUP_INK,DA234BB,SUP,Ink
HP38_PH_LJ,381U4A,PH,Laserjet
HPCE_SUP_TON,CE743A,SUP,Toner
DELL9M_PC_Laptop,9M279QB,PC,Laptop
DELLDG_SUP_TON,DG367B,SUP,Toner
DELL8O_PC_Laptop,8O871QB,PC,Laptop
DELLDG_SUP_TON,DG461B,SUP,Toner
DELLDG_SUP_TON,DG329B,SUP,Toner
DELLC4_SUP_INK,C4Q31B,SUP,Ink
DELLDA_PH_LJ,DA286B,PH,Laserjet
DELLQ3_SUP_INK,Q3W70B,SUP,Ink
HPW2_SUP_TON,W2311A,SUP,Toner
DELLDF_SUP_TON,DF521B,SUP,Toner
DELLDG_SUP_TON,DG623B,SUP,Toner
DELLDG_SUP_TON,DG392B,SUP,Toner
HP8J_PC_Laptop,8J0S5PA,PC,Laptop
DELL45_PC_Monitor,45Z34BB,PC,Monitor
DELL8L_PC_Desktop,8L760QB,PC,Desktop
HP40_PC_Monitor,40Z32AA,PC,Monitor
HP7Q_PC_Laptop,7Q6Z0PA,PC,Laptop
HP8X_PC_Laptop,8X1U0PA,PC,Laptop
HP9U_PC_Laptop,9U2C1PA,PC,Laptop
HP81_PC_Desktop,81T79PA,PC,Desktop
HP7Y_PC_Laptop,7Y6U3PA,PC,Laptop
DELLDA_SUP_INK,DA749BB,SUP,Ink
HP84_PC_Laptop,841W7PA,PC,Laptop
DELL0Z_PC_Laptop,0Z1A3QB,PC,Laptop
DELL3A_PH_LJ,3A745B,PH,Laserjet
HP9E_PC_Laptop,9E3K4PA,PC,Laptop
HP4S_SUP_INK,4S6X5PA,SUP,Ink
HPCE_SUP_TON,CE320A,SUP,Toner
HPCE_SUP_TON,CE314A,SUP,Toner
HP6N_PC_Laptop,6N030PA,PC,Laptop
HPW2_SUP_TON,W2091A,SUP,Toner
HPCF_SUP_TON,CF402X,SUP,Toner
HP9D_PC_Laptop,9D0K7PA,PC,Laptop
HPL0_SUP_INK,L0S72AA,SUP,Ink
HP95_PC_Laptop,95S69PA,PC,Laptop
DELLA8_SUP_TON,A8Z83B,SUP,Toner
DELLDE_SUP_INK,DE062B,SUP,Ink
HP7K_PH_LJ,7KW64A,PH,Laserjet
DELL71_PH_IJ,71L45C,PH,Inkjet
HPF9_PH_IJ,F9A28E,PH,Inkjet
DELL06_PC_Laptop,06S09QB,PC,Laptop
DELLX3_SUP_TON,X3414B,SUP,Toner
DELL9V_PC_Laptop,9V7A3QB,PC,Laptop
DELL8N_PC_Laptop,8N769QB,PC,Laptop
DELL4X_SUP_INK,4XY48B,SUP,Ink
HPC1_SUP_INK,C1Q10A,SUP,Ink
DELL0S_PC_Desktop,0S5O0QB,PC,Desktop
HPCE_SUP_TON,CE310A,SUP,Toner
DELLB5_PC_Laptop,B56Z6QB,PC,Laptop
HPW1_SUP_TON,W1580A,SUP,Toner
DELL01_PC_Laptop,01O65QB,PC,Laptop
HP71_PH_LJ,715A4A,PH,Laserjet
DELL8Q_PC_Desktop,8Q1X5QB,PC,Desktop
DELLQ3_SUP_INK,Q3W75B,SUP,Ink
DELL8R_PC_Desktop,8R974QB,PC,Desktop
HPW1_SUP_TON,W1460A,SUP,Toner
HP8L_PC_Laptop,8L144PA,PC,Laptop
HPCZ_SUP_TON,CZ192A,SUP,Toner
DELL89_PC_Desktop,891B8QB,PC,Desktop
DELLDG_SUP_TON,DG471B,SUP,Toner
HPZ7_SUP_TON,Z7Y68A,SUP,Toner
HPL0_SUP_INK,L0S63AA,SUP,Ink
HPL0_SUP_INK,L0S51AA,SUP,Ink
HP83_PC_Laptop,834U5PA,PC,Laptop
DELL5B_PH_IJ,5B9S0B,PH,Inkjet
DELLDA_SUP_TON,DA203B,SUP,Toner
DELL7O_PC_Monitor,7O5G2BB,PC,Monitor
DELLX3_SUP_TON,X3222Y,SUP,Toner
HPW1_SUP_TON,W1103A,SUP,Toner
DELL49_PH_LJ,492V3B,PH,Laserjet
HPQ2_SUP_TON,Q2612AF,SUP,Toner
HP9U_PC_Laptop,9U7H2PA,PC,Laptop
DELL88_PC_Laptop,88T65QB,PC,Laptop
HP7M_PC_Laptop,7M658PA,PC,Laptop
DELLX2_SUP_TON,X2631Y,SUP,Toner
HP6X_PC_Desktop,6X3W4PA,PC,Desktop
HPCZ_SUP_INK,CZ121AA,SUP,Ink
DELL9D_PC_Laptop,9D5S7QB,PC,Laptop
DELL81_PC_Laptop,812I6QB,PC,Laptop
DELL8K_PC_Laptop,8K146BB,PC,Laptop
DELLA8_SUP_TON,A8Z94B,SUP,Toner
HP7K_PC_Desktop,7K1H4PA,PC,Desktop
DELL78_SUP_INK,787N9B,SUP,Ink
DELLA8_SUP_TON,A8Z80B,SUP,Toner
DELL92_PC_Laptop,92N49BB,PC,Laptop
HP9D_PC_Laptop,9D3N7PA,PC,Laptop
DELLDA_SUP_INK,DA218BB,SUP,Ink
HP9Y_PC_Laptop,9Y0Z2PA,PC,Laptop
HP78_PC_Desktop,782N0PA,PC,Desktop
DELL0U_PC_Desktop,0U791QB,PC,Desktop
DELLB2_PC_Laptop,B2RW3QB,PC,Laptop
HP4A_PH_IJ,4A8R9A,PH,Inkjet
HP3W_SUP_INK,3WX00A,SUP,Ink
HP8L_PC_Laptop,8L166PA,PC,Laptop
DELL03_PC_Laptop,03V87QB,PC,Laptop
DELL4K_SUP_INK,4KB95BB,SUP,Ink
DELLDE_SUP_INK,DE085BB,SUP,Ink
DELLD0_SUP_INK,D0494B,SUP,Ink
DELL8X_PH_IJ,8XO57E,PH,Inkjet
HP8Q_PC_Laptop,8Q3X5PA,PC,Laptop
HP3Y_SUP_INK,3YM18AA,SUP,Ink
DELLA0_SUP_TON,A0N15B,SUP,Toner
DELLDG_SUP_TON,DG388B,SUP,Toner
HP8A_PH_LJ,8AF45A,PH,Laserjet
DELLA8_SUP_TON,A8Z91B,SUP,Toner
HPCF_SUP_TON,CF218A,SUP,Toner
HP6N_PC_Monitor,6N4F1AA,PC,Monitor
DELL0V_PC_Laptop,0V8I3QB,PC,Laptop
HPCZ_PH_LJ,CZ175A,PH,Laserjet
DELL8X_PC_Laptop,8X585QB,PC,Laptop
HP7Z_PC_Laptop,7Z1P9PA,PC,Laptop
DELL4H_PH_LJ,4H747B,PH,Laserjet
HPA0_PC_Laptop,A00PQPA,PC,Laptop
DELL0F_PC_Laptop,0F4L4QB,PC,Laptop
HP4S_SUP_INK,4S6X7PA,SUP,Ink
DELLX3_SUP_TON,X3154B,SUP,Toner
HP9D_PC_Laptop,9D3N9PA,PC,Laptop
DELL51_PH_IJ,516X3D,PH,Inkjet
HPC2_SUP_INK,C2P05AA,SUP,Ink
HPCN_SUP_INK,CN054AA,SUP,Ink
HP1B_PC_Monitor,1B9X2AA,PC,Monitor
DELL89_PC_Desktop,891B7QB,PC,Desktop
DELL7Y_PC_Desktop,7Y5C0QB,PC,Desktop
HP6Z_SUP_INK,6ZD31AA,SUP,Ink
HPA0_PC_Laptop,A03CJPA,PC,Laptop
DELL9G_PC_Laptop,9G9A7QB,PC,Laptop
HPCE_SUP_TON,CE310AD,SUP,Toner
HPF9_SUP_INK,F9J77A,SUP,Ink
DELL78_PC_Desktop,78V76QB,PC,Desktop
DELL0F_PC_Laptop,0F4L8QB,PC,Laptop
HP3Y_SUP_INK,3YM17AA,SUP,Ink
DELL4F_SUP_INK,4FE78B,SUP,Ink
HP49_SUP_INK,498N5A,SUP,Ink
DELLG0_SUP_INK,G0L28B,SUP,Ink
HP8L_PC_Desktop,8L130PA,PC,Desktop
DELLDG_SUP_TON,DG524B,SUP,Toner
HPT6_SUP_INK,T6M01AA,SUP,Ink
DELLU7_SUP_INK,U7N10BB,SUP,Ink
DELL8I_PC_Laptop,8I6E4QB,PC,Laptop
HP7H_PC_Laptop,7H5D3PA,PC,Laptop
HP13_PC_Monitor,13L82AA,PC,Monitor
HP1F_PH_IJ,1F3W3A,PH,Inkjet
HP4A_PH_IJ,4A8D4A,PH,Inkjet
DELL7O_PC_Monitor,7O5E7BB,PC,Monitor
HP9Q_PC_Laptop,9Q962PA,PC,Laptop
HPC2_SUP_INK,C2P26AA,SUP,Ink
DELL8Z_PC_Laptop,8Z7U0QB,PC,Laptop
DELLDG_SUP_TON,DG512Y,SUP,Toner
HP7Q_PC_Laptop,7Q6Z7PA,PC,Laptop
DELL82_PH_LJ,825A0B,PH,Laserjet
DELL0E_PC_Laptop,0E4O9QB,PC,Laptop
DELL8N_PC_Laptop,8N767QB,PC,Laptop
HP9E_PC_Laptop,9E3K7PA,PC,Laptop
DELL9M_PC_Laptop,9M9Q5QB,PC,Laptop
DELL9M_PC_Laptop,9M275QB,PC,Laptop
DELL95_PC_Laptop,952X7QB,PC,Laptop
HP67_PC_Laptop,678M6PA,PC,Laptop
HPCF_SUP_TON,CF360X,SUP,Toner
HPCF_SUP_TON,CF410A,SUP,Toner
HPCH_SUP_INK,CH563ZZ,SUP,Ink
DELL7H_PH_LJ,7HY15B,PH,Laserjet
HP3E_SUP_INK,3ED78A,SUP,Ink
DELL9M_PC_Laptop,9M9Q3QB,PC,Laptop
HPCE_SUP_TON,CE278A,SUP,Toner
HP3E_SUP_INK,3ED44A,SUP,Ink
HP7Z_PC_Laptop,7Z481PA,PC,Laptop
HP6C_PC_Desktop,6C3G6PA,PC,Desktop
HPCF_SUP_TON,CF256A,SUP,Toner
DELL8A_PC_Laptop,8A2Q9QB,PC,Laptop
DELL49_PC_Desktop,496A8QB,PC,Desktop
HPP2_SUP_INK,P2V70A,SUP,Ink
HP7M_PC_Laptop,7M654PA,PC,Laptop
HP28_PH_IJ,28C12A,PH,Inkjet
DELL75_PC_Monitor,75Y77BB,PC,Monitor
DELLDF_SUP_TON,DF424B,SUP,Toner
DELL2I_PC_Monitor,2I950B7,PC,Monitor
HPCC_SUP_INK,CC640ZZ,SUP,Ink
HP94_PC_Laptop,943S1PA,PC,Laptop
DELL9D_PC_Laptop,9D6I6QB,PC,Laptop
DELL0K_PC_Laptop,0K7L9QB,PC,Laptop
HP6K_PC_Laptop,6K9J2PA,PC,Laptop
DELL8K_PC_Desktop,8K0X5QB,PC,Desktop
DELLDF_SUP_TON,DF434B,SUP,Toner
DELLDF_SUP_TON,DF433B,SUP,Toner
HPZ9_SUP_TON,Z9M04A,SUP,Toner
DELL8T_PC_Laptop,8T5Q4QB,PC,Laptop
HP3Y_SUP_INK,3YM15AA,SUP,Ink
DELL91_PC_Laptop,915M2QB,PC,Laptop
DELLG0_SUP_INK,G0L16B,SUP,Ink
HPL0_SUP_TON,L0H25A,SUP,Toner
HP78_PC_Desktop,780A7PA,PC,Desktop
HPCZ_SUP_INK,CZ123AA,SUP,Ink
DELL65_PH_IJ,65S69C,PH,Inkjet
HP3J_SUP_INK,3JA82AA,SUP,Ink
HPZ9_SUP_TON,Z9M07A,SUP,Toner
HPCF_SUP_TON,CF219A,SUP,Toner
HP7Y_PC_Laptop,7Y6U2PA,PC,Laptop
HPCE_SUP_TON,CE321A,SUP,Toner
DELL4F_SUP_INK,4FE54B,SUP,Ink
HPCH_SUP_INK,CH648A,SUP,Ink
HP9E_PC_Laptop,9E3K3PA,PC,Laptop
DELLDG_SUP_TON,DG512B,SUP,Toner
DELL0E_PC_Laptop,0E4O0QB,PC,Laptop
DELL7A_SUP_INK,7AE43BB,SUP,Ink
HP6X_PC_Desktop,6X3S5PA,PC,Desktop
DELLD0_SUP_INK,D0484B,SUP,Ink
DELL2W_SUP_INK,2WW32BB,SUP,Ink
HP3W_SUP_INK,3WX36A,SUP,Ink
DELL50_SUP_INK,509Q3B,SUP,Ink
HP6Z_SUP_INK,6ZD29AA,SUP,Ink
HP8L_PC_Laptop,8L155PA,PC,Laptop
DELLX2_SUP_TON,X2481Y,SUP,Toner
DELLA8_SUP_TON,A8Z96B,SUP,Toner
HPF9_SUP_INK,F9J65A,SUP,Ink
HP7N_PC_Monitor,7N909AT,PC,Monitor
DELL74_PC_Desktop,746Y8QB,PC,Desktop
DELL9M_PC_Laptop,9M255QB,PC,Laptop
DELLB1_PC_Desktop,B16I0QB,PC,Desktop
DELLDC_SUP_TON,DC652B,SUP,Toner
HP6X_PC_Desktop,6X9M3PA,PC,Desktop
DELLM1_SUP_INK,M1T70BB,SUP,Ink
HPCN_SUP_INK,CN636A,SUP,Ink
HP9T_PC_Desktop,9T680PA,PC,Desktop
HP3E_SUP_INK,3ED51A,SUP,Ink
DELLDA_SUP_INK,DA242B,SUP,Ink
DELL78_PC_Laptop,789N9QB,PC,Laptop
HPL0_SUP_INK,L0S24AA,SUP,Ink
DELLDF_SUP_TON,DF401B,SUP,Toner
HPCZ_PH_LJ,CZ184A,PH,Laserjet
HP7H_PC_Desktop,7H0Y7PA,PC,Desktop
HPF9_SUP_INK,F9K02A,SUP,Ink
DELL5L_SUP_INK,5L1W8QB,SUP,Ink
DELL2G_PH_IJ,2G4Z5B,PH,Inkjet
DELL78_PC_Laptop,789N7QB,PC,Laptop
HP3Y_SUP_INK,3YM19AA,SUP,Ink
HP8X_PC_Laptop,8X059PA,PC,Laptop
HP8U_PC_Laptop,8U1H6PA,PC,Laptop
HPCF_SUP_TON,CF503A,SUP,Toner
HP53_PH_LJ,53P41A,PH,Laserjet
HPCF_SUP_TON,CF212A,SUP,Toner
DELLG0_SUP_INK,G0L13B,SUP,Ink
DELL3A_PH_LJ,3A724B,PH,Laserjet
DELL75_PC_Monitor,75Y70BB,PC,Monitor
DELL8L_PC_Laptop,8L6K9QB,PC,Laptop
DELLDA_PH_LJ,DA295B,PH,Laserjet
HPF9_SUP_INK,F9K03A,SUP,Ink
HP3E_PC_Desktop,3E7R9PA,PC,Desktop
DELLX3_SUP_TON,X3152B,SUP,Toner
DELL5X_PH_IJ,5XG77B,PH,Inkjet
HP3E_PH_IJ,3EK15A,PH,Inkjet
HPCF_SUP_TON,CF281A,SUP,Toner
HP8L_PC_Desktop,8L120PA,PC,Desktop
HP7P_PC_Laptop,7P704PA,PC,Laptop
HP7Q_PC_Desktop,7Q863PA,PC,Desktop
DELL0S_PC_Laptop,0S302QB,PC,Laptop
DELL4X_SUP_INK,4XY49B,SUP,Ink
DELLDF_SUP_TON,DF366B,SUP,Toner
HPC9_SUP_INK,C9380A,SUP,Ink
DELLDF_SUP_TON,DF091B,SUP,Toner
DELLDG_SUP_TON,DG521B,SUP,Toner
DELL4F_SUP_INK,4FE88B,SUP,Ink
HP8F_PC_Laptop,8F6C5PA,PC,Laptop
HP8H_PC_Laptop,8H438PA,PC,Laptop
HPCN_SUP_INK,CN053AA,SUP,Ink
HP8F_PC_Laptop,8F8Z5PA,PC,Laptop
HPW2_SUP_TON,W2313A,SUP,Toner
DELLDG_SUP_TON,DG344B,SUP,Toner
DELLY5_SUP_INK,Y5F86BB,SUP,Ink
DELLM1_SUP_INK,M1T34BB,SUP,Ink
DELL4K_SUP_INK,4KB80BB,SUP,Ink
DELL57_PC_Laptop,57E81QB,PC,Laptop
DELL29_PC_Monitor,290U1BB,PC,Monitor
DELL8Q_PC_Laptop,8Q7A9QB,PC,Laptop
DELLDA_SUP_INK,DA247B,SUP,Ink
HPM0_SUP_INK,M0H51AA,SUP,Ink
HPC2_SUP_INK,C2P24AA,SUP,Ink
HPW2_SUP_TON,W2113X,SUP,Toner
HP4W_PH_IJ,4WF66A,PH,Inkjet
HPCE_SUP_TON,CE311A,SUP,Toner
HP64_PC_Monitor,64W51AA,PC,Monitor
DELL8L_PC_Desktop,8L772QB,PC,Desktop
HP65_PC_Monitor,65P57A6,PC,Monitor
HP40_PH_IJ,405W2C,PH,Inkjet
HP8L_PC_Laptop,8L129PA,PC,Laptop
HPCF_SUP_TON,CF512A,SUP,Toner
DELLDG_SUP_TON,DG622B,SUP,Toner
HPP2_SUP_INK,P2V27A,SUP,Ink
DELL4Y_PH_IJ,4YC88B,PH,Inkjet
HPZ7_SUP_TON,Z7Y91A,SUP,Toner
DELL0F_PC_Laptop,0F4L9QB,PC,Laptop
HPCZ_SUP_INK,CZ136A,SUP,Ink
HPCB_SUP_TON,CB543A,SUP,Toner
DELL85_PC_Laptop,854B2QB,PC,Laptop
DELL4X_SUP_INK,4XY47B,SUP,Ink
DELL08_PC_Desktop,088Q1QB,PC,Desktop
DELLDS_SUP_INK,DS423BB,SUP,Ink
DELLG0_SUP_INK,G0L26B,SUP,Ink
DELL8Q_PH_LJ,8QT95B,PH,Laserjet
HP7Y_PC_Laptop,7Y6U8PA,PC,Laptop
DELLDG_SUP_TON,DG473Y,SUP,Toner
HPA0_PC_Laptop,A00PNPA,PC,Laptop
DELL9G_PC_Laptop,9G9A6QB,PC,Laptop
DELLDO_SUP_INK,DO736BB,SUP,Ink
DELLDF_SUP_TON,DF421B,SUP,Toner
HP9E_PC_Laptop,9E3K9PA,PC,Laptop
DELLM1_SUP_INK,M1T68BB,SUP,Ink
HPCN_SUP_INK,CN635A,SUP,Ink
HPA4_PC_Laptop,A45Y6PA,PC,Laptop
DELL3Z_PH_IJ,3Z0I3B,PH,Inkjet
DELLDA_SUP_INK,DA748BB,SUP,Ink
DELLX2_SUP_TON,X2214BE,SUP,Toner
HPZ7_SUP_TON,Z7Y80A,SUP,Toner
HPW1_SUP_TON,W1335X,SUP,Toner
DELL92_PC_Laptop,92C58QB,PC,Laptop
DELL8K_PC_Desktop,8K291QB,PC,Desktop
HP6G_PH_LJ,6GX06A,PH,Laserjet
DELLDC_SUP_TON,DC653B,SUP,Toner
DELL9I_PC_Laptop,9I6E5QB,PC,Laptop
DELLD0_SUP_INK,D0491B,SUP,Ink
DELL0R_PC_Laptop,0R0N7QB,PC,Laptop
DELLM4_PH_IJ,M4V55B,PH,Inkjet
HP6U_PH_IJ,6UU47A,PH,Inkjet
DELL8X_PC_Laptop,8X586QB,PC,Laptop
HP67_PC_Desktop,67W19PA,PC,Desktop
DELL7G_PC_Desktop,7G078QB,PC,Desktop
DELLG7_SUP_INK,G7W37BB,SUP,Ink
HPCN_SUP_INK,CN625AA,SUP,Ink
DELLX2_SUP_TON,X2571B,SUP,Toner
HPT6_SUP_INK,T6L93AA,SUP,Ink
HP2E_PC_Monitor,2E2Y4A6,PC,Monitor
HP9Z_PC_Laptop,9Z835PA,PC,Laptop
DELLDA_SUP_INK,DA245B,SUP,Ink
DELL9L_PC_Laptop,9L9K2QB,PC,Laptop
HP9T_PC_Laptop,9T8K6PA,PC,Laptop
DELLX3_SUP_TON,X3103B,SUP,Toner
DELLD5_SUP_INK,D5921B,SUP,Ink
DELLDO_SUP_INK,DO730B,SUP,Ink
DELLDF_SUP_TON,DF425B,SUP,Toner
DELLDG_SUP_TON,DG323B,SUP,Toner
DELLDO_SUP_INK,DO158BB,SUP,Ink
DELL7Y_PC_Desktop,7Y4X4QB,PC,Desktop
DELL3X_PC_Desktop,3X064QB,PC,Desktop
HP3W_SUP_INK,3WX35A,SUP,Ink
HPC9_SUP_INK,C9371A,SUP,Ink
HPCH_SUP_INK,CH647A,SUP,Ink
DELL7Y_PC_Desktop,7Y0R1QB,PC,Desktop
HP3E_SUP_INK,3ED79A,SUP,Ink
DELL8Q_PC_Laptop,8Q815QB,PC,Laptop
DELLDG_SUP_TON,DG624B,SUP,Toner
HPQ5_SUP_TON,Q5949A,SUP,Toner
HPCE_SUP_TON,CE312A,SUP,Toner
DELLU9_PH_IJ,U9X29B,PH,Inkjet
HP7L_PC_Laptop,7L377PA,PC,Laptop
DELLU9_PH_IJ,U9X26B,PH,Inkjet
HP71_PH_LJ,714Z9A,PH,Laserjet
HPQ7_SUP_TON,Q7553A,SUP,Toner
HP5C_PC_Laptop,5C5M4PA,PC,Laptop
HPX4_SUP_INK,X4E75AA,SUP,Ink
HP8F_PC_Laptop,8F8Z6PA,PC,Laptop
DELL0V_PC_Laptop,0V3D2QB,PC,Laptop
HP8F_PC_Laptop,8F8Z0PA,PC,Laptop
HPCB_SUP_TON,CB540A,SUP,Toner
HP7K_PC_Desktop,7K659PA,PC,Desktop
HP1P_PH_LJ,1PV87A,PH,Laserjet
DELL49_PH_LJ,492V5B,PH,Laserjet
DELLD3_SUP_INK,D3Q36BB,SUP,Ink
HP3Y_SUP_INK,3YP94AA,SUP,Ink
DELL55_PC_Desktop,55W95QB,PC,Desktop
HP70_PC_Laptop,701H5PA,PC,Laptop
DELLDA_SUP_INK,DA235BB,SUP,Ink
HP82_PC_Laptop,821P0PA,PC,Laptop
DELLDG_SUP_TON,DG474Y,SUP,Toner
HPCF_SUP_TON,CF352A,SUP,Toner
HPZ7_SUP_TON,Z7Y72A,SUP,Toner
HP64_PC_Monitor,64X69AA,PC,Monitor
DELLB5_PC_Laptop,B56Z8QB,PC,Laptop
DELLB1_PC_Laptop,B11QOQB,PC,Laptop
DELL9G_PC_Laptop,9G9Z0QB,PC,Laptop
DELLC4_SUP_INK,C4Q20B,SUP,Ink
HP16_PC_Monitor,169L0AA,PC,Monitor
DELLDG_SUP_TON,DG474B,SUP,Toner
DELL89_PC_Desktop,891B6QB,PC,Desktop
HP6K_PH_IJ,6KD26A,PH,Inkjet
HPCZ_SUP_INK,CZ638AA,SUP,Ink
HP7Q_PC_Laptop,7Q6Z3PA,PC,Laptop
HPCZ_SUP_INK,CZ134A,SUP,Ink
DELL93_PC_Laptop,932N4QB,PC,Laptop
HP9X_PC_Laptop,9X3L6PA,PC,Laptop
HPCE_SUP_TON,CE390A,SUP,Toner
DELLDG_SUP_TON,DG511B,SUP,Toner
HP83_PC_Laptop,834T9PA,PC,Laptop
HP8L_PC_Laptop,8L152PA,PC,Laptop
HP6K_PC_Laptop,6K9C3PA,PC,Laptop
DELLM1_SUP_INK,M1T74BB,SUP,Ink
HP9W_PC_Laptop,9W6U6PA,PC,Laptop
DELLDI_SUP_INK,DI673AA,SUP,Ink
DELLDG_SUP_TON,DG463B,SUP,Toner
DELL8X_PH_IJ,8XR17C,PH,Inkjet
DELLR8_SUP_TON,R8664B,SUP,Toner
HP3D_PH_IJ,3D4L3A,PH,Inkjet
DELLDF_SUP_TON,DF513B,SUP,Toner
HP8C_PC_Laptop,8C5H5PA,PC,Laptop
HP7K_PC_Desktop,7K667PA,PC,Desktop
HPCN_SUP_INK,CN629A,SUP,Ink
HPW2_SUP_TON,W2040A,SUP,Toner
HPW1_SUP_TON,W1520A,SUP,Toner
DELL9Y_PC_Laptop,9Y2U9QB,PC,Laptop
DELL92_PC_Desktop,92U91QB,PC,Desktop
HPW2_SUP_TON,W2111A,SUP,Toner
DELL61_PC_Laptop,61N73QB,PC,Laptop
HPCF_SUP_TON,CF341A,SUP,Toner
DELL74_PC_Desktop,746B5QB,PC,Desktop
DELL9M_PC_Laptop,9M263QB,PC,Laptop
DELL8Q_PC_Laptop,8Q814QB,PC,Laptop
DELLU7_SUP_INK,U7N12BB,SUP,Ink
DELLDI_SUP_INK,DI758B,SUP,Ink
HP2Z_PH_LJ,2Z633A,PH,Laserjet
DELL8L_PH_LJ,8LX67B,PH,Laserjet
DELLDG_SUP_TON,DG367Y,SUP,Toner
DELLY5_SUP_INK,Y5F80BB,SUP,Ink
HP8U_PC_Laptop,8U6Y8PA,PC,Laptop
HP84_PC_Desktop,843D2PA,PC,Desktop
HP6X_PC_Desktop,6X4B5PA,PC,Desktop
HPCF_SUP_TON,CF277A,SUP,Toner
HP3Y_SUP_INK,3YM76AA,SUP,Ink
DELLX3_SUP_TON,X3223B,SUP,Toner
HPCN_SUP_INK,CN692AA,SUP,Ink
DELL9G_PC_Laptop,9G7D5QB,PC,Laptop
HP5H_PH_IJ,5HB10A,PH,Inkjet
DELL7E_PC_Monitor,7E9H0B7,PC,Monitor
HP7J_PC_Desktop,7J174PA,PC,Desktop
DELL4Z_SUP_INK,4ZQ05BB,SUP,Ink
HPCF_SUP_TON,CF230A,SUP,Toner
DELL8M_PC_Laptop,8M144QB,PC,Laptop
DELL8T_PC_Laptop,8T5O8QB,PC,Laptop
DELLD0_SUP_INK,D0482B,SUP,Ink
DELLX3_SUP_TON,X3424B,SUP,Toner
DELL9M_PC_Laptop,9M257QB,PC,Laptop
HPA0_PC_Laptop,A0EH4PA,PC,Laptop
DELLM1_SUP_TON,M1I36B,SUP,Toner
DELL9G_PC_Laptop,9G7D6QB,PC,Laptop
DELL65_PH_IJ,65S61C,PH,Inkjet
DELLX3_SUP_TON,X3421B,SUP,Toner
HPCE_SUP_TON,CE740A,SUP,Toner
HPCF_SUP_TON,CF403A,SUP,Toner
DELL8Q_PH_LJ,8QT93B,PH,Laserjet
HPC9_SUP_INK,C9384A,SUP,Ink
HP64_PC_Monitor,64V81AA,PC,Monitor
HP3W_SUP_INK,3WX37A,SUP,Ink
DELL8L_PC_Desktop,8L3Q8QB,PC,Desktop
HPT6_SUP_INK,T6L97AA,SUP,Ink
HP49_SUP_INK,498P2A,SUP,Ink
HP3W_SUP_INK,3WX38A,SUP,Ink
DELLDI_SUP_INK,DI675AA,SUP,Ink
HP7K_PC_Desktop,7K1G3PA,PC,Desktop
HPL3_PH_IJ,L3U44A,PH,Inkjet
DELL9V_PC_Laptop,9V2I7QB,PC,Laptop
HPCF_SUP_TON,CF232A,SUP,Toner
HP6C_PC_Desktop,6C3G2PA,PC,Desktop
HPCZ_SUP_INK,CZ107AA,SUP,Ink
DELL7M_PC_Laptop,7M1M2QB,PC,Laptop
DELL2G_PH_IJ,2G4X4B,PH,Inkjet
HP6H_PC_Desktop,6H1X2PA,PC,Desktop
HPA0_PC_Laptop,A00PPPA,PC,Laptop
HPT6_SUP_INK,T6M13AA,SUP,Ink
DELL4Z_SUP_INK,4ZN83BB,SUP,Ink
DELL9D_PC_Laptop,9D5S0QB,PC,Laptop
HP8F_PC_Laptop,8F6D4PA,PC,Laptop
HP67_PC_Laptop,67V50PA,PC,Laptop
HP7K_PC_Desktop,7K2P7PA,PC,Desktop
DELLX3_SUP_TON,X3224Y,SUP,Toner
HPCE_SUP_TON,CE323A,SUP,Toner
DELLDG_SUP_TON,DG343B,SUP,Toner
HP8C_PC_Laptop,8C4R6PA,PC,Laptop
DELL98_PC_Laptop,98C68QB,PC,Laptop
DELLDG_SUP_TON,DG325B,SUP,Toner
DELLX3_SUP_TON,X3104B,SUP,Toner
DELL7V_PH_IJ,7VV59B,PH,Inkjet
HP8U_PC_Laptop,8U6Z7PA,PC,Laptop
DELL7K_PC_Desktop,7K1Z0QB,PC,Desktop
DELLDI_SUP_INK,DI672AA,SUP,Ink
HPCF_SUP_TON,CF214A,SUP,Toner
HPC9_SUP_INK,C9373A,SUP,Ink
DELL4E_PH_IJ,4E5M4B,PH,Inkjet
HPF9_SUP_INK,F9K05A,SUP,Ink
DELL7H_PH_LJ,7HX75B,PH,Laserjet
HP3W_SUP_INK,3WX19A,SUP,Ink
HPW2_SUP_TON,W2093A,SUP,Toner
DELL8N_PC_Laptop,8N760QB,PC,Laptop
HP49_SUP_INK,498N6A,SUP,Ink
HPC9_SUP_INK,C9352AA,SUP,Ink
DELLX3_SUP_TON,X3411B,SUP,Toner
DELL51_PC_Monitor,51A37BB,PC,Monitor
HP2H_PC_Monitor,2H0N1AA,PC,Monitor
HPCN_SUP_INK,CN048AA,SUP,Ink
HPT6_SUP_INK,T6M17AA,SUP,Ink
DELL80_PC_Desktop,80V95QB,PC,Desktop
HP3W_SUP_INK,3WX13A,SUP,Ink
DELL49_PC_Desktop,490B2QB,PC,Desktop
DELL91_PC_Laptop,916Y3QB,PC,Laptop
HPX4_SUP_INK,X4E78AA,SUP,Ink
HP71_PH_LJ,715A5A,PH,Laserjet
DELLD0_SUP_INK,D0569B,SUP,Ink
HP3Y_SUP_INK,3YM73AA,SUP,Ink
DELL4F_PH_IJ,4FL26B,PH,Inkjet
HPF9_SUP_INK,F9K16A,SUP,Ink
DELLDG_SUP_TON,DG476B,SUP,Toner
HPW2_SUP_TON,W2300A,SUP,Toner
HP8F_PC_Laptop,8F6K1PA,PC,Laptop
DELLDG_SUP_TON,DG339B,SUP,Toner
DELL9V_PC_Laptop,9V7Z2QB,PC,Laptop
DELL2Q_PH_LJ,2QW98B,PH,Laserjet
DELL8A_PC_Laptop,8A2Q0QB,PC,Laptop
HPW1_SUP_TON,W1460X,SUP,Toner
HP7L_PC_Desktop,7L856PA,PC,Desktop
DELL8K_PC_Desktop,8K2T6QB,PC,Desktop
DELL7M_PC_Laptop,7M1L0QB,PC,Laptop
HP6K_PC_Laptop,6K9C5PA,PC,Laptop
HP6F_PC_Desktop,6F967PA,PC,Desktop
DELL51_PH_IJ,515M8D,PH,Inkjet
DELLDG_SUP_TON,DG380B,SUP,Toner
DELLX3_SUP_TON,X3412B,SUP,Toner
DELLX3_SUP_TON,X3102B,SUP,Toner
HPCF_SUP_TON,CF365A,SUP,Toner
DELL7D_PC_Desktop,7D4H3QB,PC,Desktop
HP2Z_PH_LJ,2Z634A,PH,Laserjet
DELL2G_PH_IJ,2G4Z3B,PH,Inkjet
HP8L_PC_Laptop,8L130PA,PC,Laptop
HPCF_SUP_TON,CF237A,SUP,Toner
HPB3_SUP_INK,B3P06A,SUP,Ink
DELL7O_PC_Monitor,7O5F3BB,PC,Monitor
DELLB1_PC_Laptop,B14DIQB,PC,Laptop
HPF6_SUP_INK,F6V20AA,SUP,Ink
DELL5B_PH_IJ,5B9E5B,PH,Inkjet
HPCF_SUP_TON,CF510A,SUP,Toner
HPP2_SUP_INK,P2V83A,SUP,Ink
DELL0E_PC_Laptop,0E4O6QB,PC,Laptop
HP8L_PC_Laptop,8L8P2PA,PC,Laptop
DELL95_PC_Desktop,954C7QB,PC,Desktop
HP81_PC_Laptop,81H51PA,PC,Laptop
DELL8L_PC_Desktop,8L2I5QB,PC,Desktop
HP8L_PC_Laptop,8L146PA,PC,Laptop
DELLQ3_SUP_INK,Q3W79B,SUP,Ink
DELL8R_PC_Laptop,8R7A3QB,PC,Laptop
HP2Z_PH_LJ,2Z613A,PH,Laserjet
HP3Y_SUP_INK,3YP93AA,SUP,Ink
HP3E_SUP_INK,3ED43A,SUP,Ink
HPCN_SUP_INK,CN633A,SUP,Ink
DELL0V_PC_Laptop,0V211QB,PC,Laptop
HP1F_PH_IJ,1F3Y2A,PH,Inkjet
HP4S_PH_IJ,4SB24A,PH,Inkjet
DELL7Y_PC_Desktop,7Y5C6QB,PC,Desktop
HP38_PH_LJ,381U2A,PH,Laserjet
HPCF_SUP_TON,CF213A,SUP,Toner
DELL6I_PH_IJ,6IC17B,PH,Inkjet
DELL8M_PC_Desktop,8M967QB,PC,Desktop
DELL4Z_SUP_INK,4ZN29BB,SUP,Ink
HP6X_PC_Desktop,6X9S0PA,PC,Desktop
DELLDG_SUP_TON,DG321B,SUP,Toner
HPL0_SUP_INK,L0S54AA,SUP,Ink
DELLDG_SUP_TON,DG398B,SUP,Toner
DELL5T_PH_IJ,5TC35B,PH,Inkjet
DELL69_PH_IJ,699K9C,PH,Inkjet
HPT8_PH_IJ,T8W16A,PH,Inkjet
HP3E_SUP_INK,3ED68A,SUP,Ink
DELL4Z_SUP_INK,4ZN84BB,SUP,Ink
DELLDG_SUP_TON,DG345B,SUP,Toner
DELLDA_SUP_INK,DA241B,SUP,Ink
HP7J_PC_Desktop,7J2M3PA,PC,Desktop
HP3W_SUP_INK,3WX07A,SUP,Ink
HP38_PC_Desktop,389A1PA,PC,Desktop
HP5H_PH_LJ,5HH65A,PH,Laserjet
HP8F_PC_Desktop,8F6D4PA,PC,Desktop
HP8L_PC_Desktop,8L107PA,PC,Desktop
HP8L_PC_Laptop,8L8P5PA,PC,Laptop
DELL8Z_PC_Laptop,8Z7V7QB,PC,Laptop
DELLDG_SUP_TON,DG514B,SUP,Toner
DELL8I_PC_Desktop,8I1Z8QB,PC,Desktop
HP49_SUP_INK,498N7A,SUP,Ink
DELLB1_PC_Laptop,B1FI5QB,PC,Laptop
HPCF_SUP_TON,CF231A,SUP,Toner
DELL9G_PC_Laptop,9G7E4QB,PC,Laptop
HP3W_SUP_INK,3WX21A,SUP,Ink
HP9D_PC_Laptop,9D3P1PA,PC,Laptop
HPW2_SUP_TON,W2092A,SUP,Toner
DELL4X_SUP_INK,4XY18B,SUP,Ink
HPCF_SUP_TON,CF380A,SUP,Toner
DELL3A_PH_LJ,3A743B,PH,Laserjet
HPCF_SUP_TON,CF413A,SUP,Toner
HPZ7_SUP_TON,Z7Y88A,SUP,Toner
DELLX2_SUP_TON,X2446Y,SUP,Toner
HP92_PC_Desktop,92Z21PA,PC,Desktop
HP74_PC_Laptop,743A1PA,PC,Laptop
DELL0U_PC_Laptop,0U9L9QB,PC,Laptop
DELL4F_SUP_INK,4FE30B,SUP,Ink
HP3Y_SUP_INK,3YP17AA,SUP,Ink
HP88_PC_Desktop,88Z16PA,PC,Desktop
DELL9M_PC_Laptop,9M258QB,PC,Laptop
HPW3_PH_IJ,W3Z72A,PH,Inkjet
HP7J_PC_Desktop,7J180PA,PC,Desktop
HP6K_PC_Laptop,6K7U2PA,PC,Laptop
DELL4Y_PH_IJ,4YC89B,PH,Inkjet
DELL8L_SUP_INK,8L4X0BB,SUP,Ink
DELL6I_PH_LJ,6II76B,PH,Laserjet
DELLY5_SUP_INK,Y5F89BB,SUP,Ink
DELLDA_SUP_INK,DA219BB,SUP,Ink
HP8U_PC_Laptop,8U6Z2PA,PC,Laptop
DELL61_PC_Laptop,61N74QB,PC,Laptop
DELLA0_SUP_TON,A0N18B,SUP,Toner
HP81_PC_Laptop,81H48PA,PC,Laptop
HPP2_SUP_INK,P2V62A,SUP,Ink
DELLM1_SUP_INK,M1T35BB,SUP,Ink
DELLDD_SUP_TON,DD499B,SUP,Toner
DELLG0_SUP_INK,G0K89B,SUP,Ink
DELL0X_PC_Laptop,0X7V7QB,PC,Laptop
HP3J_SUP_INK,3JA78AA,SUP,Ink
HPCE_SUP_TON,CE285A,SUP,Toner
DELL9Y_PC_Laptop,9Y160QB,PC,Laptop
DELL5L_SUP_INK,5L1W0QB,SUP,Ink
HP8U_PC_Laptop,8U6Y1PA,PC,Laptop
HP9U_PC_Laptop,9U100PA,PC,Laptop
DELL5A_PH_LJ,5AC07B,PH,Laserjet
HPL3_PH_IJ,L3U43A,PH,Inkjet
HP7P_PC_Laptop,7P703PA,PC,Laptop
HPCF_SUP_TON,CF363X,SUP,Toner
DELL7D_PC_Desktop,7D4H2QB,PC,Desktop
HP67_PC_Laptop,678M8PA,PC,Laptop
HP5S_PH_IJ,5SE26B,PH,Inkjet
HP6L_PC_Laptop,6L0L0PA,PC,Laptop
DELL92_PC_Laptop,92I59QB,PC,Laptop
DELL7H_PC_Desktop,7H786QB,PC,Desktop
HP53_PH_IJ,537P5C,PH,Inkjet
DELL8R_PC_Laptop,8R7Z0QB,PC,Laptop
HPC2_SUP_INK,C2P22AA,SUP,Ink
DELL92_PC_Laptop,92I62QB,PC,Laptop
DELLDF_SUP_TON,DF854B,SUP,Toner
HP1H_PC_Monitor,1H849A6,PC,Monitor
HP6N_PC_Monitor,6N4D6AA,PC,Monitor
DELL0E_PC_Laptop,0E1L8QB,PC,Laptop
HPC9_SUP_INK,C9406A,SUP,Ink
DELLD0_SUP_INK,D0515B,SUP,Ink
HP78_PC_Desktop,782M0PA,PC,Desktop
HPT6_SUP_INK,T6L89AA,SUP,Ink
DELL6I_PH_LJ,6II59B,PH,Laserjet
HP7K_SUP_INK,7K3W9AA,SUP,Ink
HP78_PC_Desktop,782N1PA,PC,Desktop
HP4A_PH_IJ,4A8D9A,PH,Inkjet
DELL9G_PC_Desktop,9G5D6QB,PC,Desktop
DELLD3_SUP_INK,D3Q16BB,SUP,Ink
HP3J_SUP_INK,3JA79AA,SUP,Ink
HP9Y_PC_Laptop,9Y0Y6PA,PC,Laptop
DELLM1_SUP_INK,M1T71BB,SUP,Ink
HP6N_PC_Monitor,6N6E9AA,PC,Monitor
HPF9_SUP_INK,F9K15A,SUP,Ink
DELL8A_PC_Laptop,8A592QB,PC,Laptop
HPCH_SUP_INK,CH561ZZ,SUP,Ink
DELL9Z_PC_Laptop,9Z7A9QB,PC,Laptop
HP90_PC_Laptop,90N54PA,PC,Laptop
DELL75_PC_Monitor,75X52BB,PC,Monitor
DELL02_PC_Laptop,02S12QB,PC,Laptop
DELLX2_SUP_TON,X2215B,SUP,Toner
DELL7V_PH_IJ,7VV58B,PH,Inkjet
HP3J_SUP_INK,3JA77AA,SUP,Ink
DELLD3_SUP_INK,D3Q35BB,SUP,Ink
HP3W_SUP_INK,3WX15A,SUP,Ink
DELLDA_PH_LJ,DA285B,PH,Laserjet
HP8Y_PC_Laptop,8Y6Z8PA,PC,Laptop
HP84_PC_Desktop,843B6PA,PC,Desktop
DELLA0_SUP_TON,A0N12B,SUP,Toner
DELL8M_PC_Laptop,8M146QB,PC,Laptop
DELL9Z_PC_Laptop,9Z090QB,PC,Laptop
DELLDI_SUP_INK,DI676B,SUP,Ink
DELL92_PC_Desktop,92U80QB,PC,Desktop
DELLU7_SUP_INK,U7M04BB,SUP,Ink
DELL8R_PC_Laptop,8R7A4QB,PC,Laptop
HPC4_SUP_INK,C4810A,SUP,Ink
HPW2_SUP_TON,W2113A,SUP,Toner
DELLG0_SUP_INK,G0L27B,SUP,Ink
DELLDF_SUP_TON,DF852B,SUP,Toner
HPCE_SUP_TON,CE515A,SUP,Toner
HP9Q_PC_Laptop,9Q9M6PA,PC,Laptop
DELL8R_PC_Laptop,8R7A1QB,PC,Laptop
DELL7A_SUP_INK,7AE42BB,SUP,Ink
HP7Y_PC_Laptop,7Y6U6PA,PC,Laptop
HPCN_SUP_INK,CN047AA,SUP,Ink
HP3Y_SUP_INK,3YM70AA,SUP,Ink
HP7P_PC_Laptop,7P6Z8PA,PC,Laptop
HPCZ_SUP_INK,CZ135A,SUP,Ink
HP78_PC_Desktop,780A6PA,PC,Desktop
HP87_PC_Desktop,87G01PA,PC,Desktop
DELL4Z_SUP_INK,4ZN33BB,SUP,Ink
HPCF_SUP_TON,CF279A,SUP,Toner
DELL0A_PC_Laptop,0A946QB,PC,Laptop
HP40_PC_Monitor,40Z26AA,PC,Monitor
HPZ7_SUP_TON,Z7Y90A,SUP,Toner
DELL5T_SUP_INK,5T7Y6QB,SUP,Ink
DELLDF_SUP_TON,DF389BG,SUP,Toner
HP9W_PC_Laptop,9W6U8PA,PC,Laptop
HPL0_SUP_INK,L0S60AA,SUP,Ink
HP3E_SUP_INK,3ED49A,SUP,Ink
HPQ2_SUP_TON,Q2612A,SUP,Toner
DELL9B_PH_LJ,9BG56B,PH,Laserjet
DELL95_PC_Desktop,95I64QB,PC,Desktop
HPZ7_SUP_TON,Z7Y85A,SUP,Toner
HPT6_SUP_INK,T6M09AA,SUP,Ink
DELLDO_SUP_INK,DO744B,SUP,Ink
DELLDI_SUP_INK,DI757B,SUP,Ink
HPC2_SUP_INK,C2P25AA,SUP,Ink
DELL4Z_SUP_INK,4ZN87BB,SUP,Ink
HP7Q_PC_Laptop,7Q6Z8PA,PC,Laptop
DELL4F_SUP_INK,4FE55B,SUP,Ink
DELL9R_PC_Laptop,9R4Y6QB,PC,Laptop
DELL9B_PH_LJ,9BG63B,PH,Laserjet
DELL7D_PC_Desktop,7D4H7QB,PC,Desktop
DELL95_PC_Desktop,95K19QB,PC,Desktop
DELLD3_SUP_INK,D3Q32BB,SUP,Ink
DELL7K_PC_Laptop,7K3U9QB,PC,Laptop
HP7P_PC_Desktop,7P0W4PA,PC,Desktop
HP4K_SUP_INK,4K0V7PA,SUP,Ink
HP3E_PH_IJ,3EK13A,PH,Inkjet
HPA0_PC_Laptop,A03CKPA,PC,Laptop
HP7Y_PC_Laptop,7Y6U1PA,PC,Laptop
DELL5Z_PC_Laptop,5Z1M3FD,PC,Laptop
HP9R_PC_Desktop,9R4N9PA,PC,Desktop
HP3W_SUP_INK,3WX06A,SUP,Ink
HP8F_PC_Desktop,8F4C9PA,PC,Desktop
HPW2_SUP_TON,W2302A,SUP,Toner
HPCF_SUP_TON,CF411A,SUP,Toner
DELLG0_SUP_INK,G0K78B,SUP,Ink
HPCE_SUP_TON,CE313A,SUP,Toner
HPCH_SUP_INK,CH645A,SUP,Ink
HPCE_SUP_TON,CE402A,SUP,Toner
HP8F_PC_Laptop,8F6K2PA,PC,Laptop
HP65_PC_Monitor,65P59A6,PC,Monitor
HPCF_SUP_TON,CF351A,SUP,Toner
HPC9_SUP_INK,C9372A,SUP,Ink
DELL9G_PC_Laptop,9G7D9QB,PC,Laptop
DELLX2_SUP_TON,X2223B,SUP,Toner
DELL46_PC_Monitor,467E7BB,PC,Monitor
DELLDD_SUP_INK,DD754AA,SUP,Ink
HPCR_SUP_INK,CR312AA,SUP,Ink
DELL9V_PC_Laptop,9V7A8QB,PC,Laptop
HP9C_PC_Laptop,9C9E1PA,PC,Laptop
DELLDG_SUP_TON,DG391B,SUP,Toner
DELL89_PC_Desktop,893O1QB,PC,Desktop
HP7K_PC_Laptop,7K5J8PA,PC,Laptop
HPCZ_SUP_INK,CZ130A,SUP,Ink
DELL4F_SUP_INK,4FE80B,SUP,Ink
DELLB5_PC_Laptop,B56Z7QB,PC,Laptop
DELL99_PC_Desktop,99A27QB,PC,Desktop
HPCF_SUP_TON,CF362X,SUP,Toner
HP7Z_PC_Laptop,7Z1P8PA,PC,Laptop
DELLD3_SUP_INK,D3Q31BB,SUP,Ink
HP67_PC_Desktop,67U65PA,PC,Desktop
HP6C_PC_Desktop,6C3G1PA,PC,Desktop
DELL4K_SUP_INK,4KB88BB,SUP,Ink
DELL8Y_PC_Desktop,8Y0L1QB,PC,Desktop
DELLX2_SUP_TON,X2771B,SUP,Toner
DELL3S_PH_IJ,3SN93B,PH,Inkjet
HP6J_PC_Desktop,6J0Y9PA,PC,Desktop
HP7K_PH_LJ,7KW56A,PH,Laserjet
DELLDF_SUP_TON,DF432B,SUP,Toner
HP4Y_PC_Laptop,4Y0L2EC,PC,Laptop
DELL8Z_PC_Laptop,8Z7V0QB,PC,Laptop
DELL7Q_PC_Monitor,7QB61B5,PC,Monitor
DELLB1_PC_Laptop,B11QRQB,PC,Laptop
DELL4Z_SUP_INK,4ZN81BB,SUP,Ink
HP8F_PC_Desktop,8F4C5PA,PC,Desktop
DELL5A_PH_LJ,5AC06B,PH,Laserjet
HPC2_SUP_INK,C2P06AA,SUP,Ink
DELL8Z_PC_Laptop,8Z7V2QB,PC,Laptop
HP9R_PC_Laptop,9R291PA,PC,Laptop
DELL9V_PC_Laptop,9V7Y9QB,PC,Laptop
DELL9V_PC_Laptop,9V7Z9QB,PC,Laptop
HPZ9_SUP_TON,Z9M01A,SUP,Toner
DELL69_PH_IJ,699M4E,PH,Inkjet
DELL9M_PC_Laptop,9M256QB,PC,Laptop
HP7N_PC_Laptop,7N760PA,PC,Laptop
DELLX2_SUP_TON,X2214B,SUP,Toner
HP7Q_PC_Laptop,7Q6Z2PA,PC,Laptop
DELL4X_SUP_INK,4XY24B,SUP,Ink
HP6L_PC_Laptop,6L0K9PA,PC,Laptop
HPP2_SUP_INK,P2V25A,SUP,Ink
HPZ7_SUP_TON,Z7Y73A,SUP,Toner
HP8F_PC_Laptop,8F8Z3PA,PC,Laptop
DELL9G_PC_Laptop,9G7L2QB,PC,Laptop
HP67_SUP_INK,676M6A,SUP,Ink
HP1F_PH_IJ,1F3Y4A,PH,Inkjet
HPCF_SUP_TON,CF359A,SUP,Toner
HPZ9_SUP_TON,Z9M02A,SUP,Toner
DELLDO_SUP_INK,DO703BB,SUP,Ink
DELL7K_PC_Desktop,7K1Q6QB,PC,Desktop
HPM0_SUP_INK,M0H50AA,SUP,Ink
HPL0_SUP_INK,L0S57AA,SUP,Ink
HP3W_SUP_INK,3WX08A,SUP,Ink
DELL9I_PC_Laptop,9I549QB,PC,Laptop
DELL4X_SUP_INK,4XY26B,SUP,Ink
HP8F_PC_Laptop,8F6D3PA,PC,Laptop
DELLD3_SUP_INK,D3Q18BB,SUP,Ink
HP63_PC_Desktop,635X7PA,PC,Desktop
HPW1_SUP_TON,W1580X,SUP,Toner
HP77_PC_Laptop,77S54PA,PC,Laptop
DELL0E_PC_Laptop,0E4N8QB,PC,Laptop
DELL4K_SUP_INK,4KB93BB,SUP,Ink
DELLX2_SUP_TON,X2231B,SUP,Toner
HPB3_SUP_INK,B3P21A,SUP,Ink
DELL78_PC_Desktop,78X20QB,PC,Desktop
HPCF_SUP_TON,CF364A,SUP,Toner
